StartDate,EndDate,Status,IPAddress,Progress,Duration (in seconds),Finished,RecordedDate,ResponseId,RecipientLastName,RecipientFirstName,RecipientEmail,ExternalReference,LocationLatitude,LocationLongitude,DistributionChannel,UserLanguage,Q1,Q2,Q3,Q4,Q20_1,Q20_2,Q20_3,Q20_4,Q8,Q9_1,Q6,Q10,Q29_1
Start Date,End Date,Response Type,IP Address,Progress,Duration (in seconds),Finished,Recorded Date,Response ID,Recipient Last Name,Recipient First Name,Recipient Email,External Data Reference,Location Latitude,Location Longitude,Distribution Channel,User Language,How old are you?,Are you a college student,What gender do you identify as?,"Which of these options describes your family's annual income? By family, I mean direct family such as two parents/guardians. By annual income, I mean the amount of wealth (on average) that a person makes from labor/assets.","What are your opinions on the following statements.. - ""Wealthy people work harder than poor people""","What are your opinions on the following statements.. - ""Poor people do not work as hard as others""","What are your opinions on the following statements.. - ""Rich people had more advantages in life than most others""","What are your opinions on the following statements.. - ""Poor people faced more obstacles than most others""",Taxes should...,"What are your opinions on the following.. - ""Large companies should pay more in taxes""",People who have amassed a billion dollars in income are.....,What party do you identify as?,Here is a 7-point scale on which the political views that people might hold are arranged from extremely liberal (left) to extremely conservative (right). Where would you place yourself on this scale? - Ideology?
"{""ImportId"":""startDate"",""timeZone"":""America/Denver""}","{""ImportId"":""endDate"",""timeZone"":""America/Denver""}","{""ImportId"":""status""}","{""ImportId"":""ipAddress""}","{""ImportId"":""progress""}","{""ImportId"":""duration""}","{""ImportId"":""finished""}","{""ImportId"":""recordedDate"",""timeZone"":""America/Denver""}","{""ImportId"":""_recordId""}","{""ImportId"":""recipientLastName""}","{""ImportId"":""recipientFirstName""}","{""ImportId"":""recipientEmail""}","{""ImportId"":""externalDataReference""}","{""ImportId"":""locationLatitude""}","{""ImportId"":""locationLongitude""}","{""ImportId"":""distributionChannel""}","{""ImportId"":""userLanguage""}","{""ImportId"":""QID3""}","{""ImportId"":""QID14""}","{""ImportId"":""QID15""}","{""ImportId"":""QID12""}","{""ImportId"":""QID20_1""}","{""ImportId"":""QID20_2""}","{""ImportId"":""QID20_3""}","{""ImportId"":""QID20_4""}","{""ImportId"":""QID24""}","{""ImportId"":""QID26_1""}","{""ImportId"":""QID22""}","{""ImportId"":""QID27""}","{""ImportId"":""QID29_1""}"
2022-02-24 08:57:35,2022-02-24 08:57:41,1,,100,6,1,2022-02-24 08:57:42,R_3HuGu8fy4FJFmU0,,,,,40.7957000732421875,-77.8618011474609375,preview,EN,1,,,,,,,,,,,,
2022-02-24 09:04:25,2022-02-24 09:04:37,1,,100,12,1,2022-02-24 09:04:38,R_T5eKVQ2AOCIfJ2V,,,,,40.7957000732421875,-77.8618011474609375,preview,EN,1,,,,,,,,,,,,
2022-02-24 09:13:24,2022-02-24 09:13:36,1,,100,12,1,2022-02-24 09:13:37,R_1DSeupizYs9pNUQ,,,,,40.7957000732421875,-77.8618011474609375,preview,EN,,,,,,,,,,,,,
2022-02-24 19:15:26,2022-02-24 19:16:10,1,,100,44,1,2022-02-24 19:16:11,R_3ls21loGDKRK7OU,,,,,40.810302734375,-77.88800048828125,preview,EN,,,,,,,,,,,,,
2022-02-24 20:35:36,2022-02-24 20:36:28,1,,100,51,1,2022-02-24 20:36:28,R_yx8qgoyUrk3brsB,,,,,40.810302734375,-77.88800048828125,preview,EN,,,,,,,,,,,,,
2022-03-01 08:38:36,2022-03-01 08:45:35,0,104.39.194.218,100,418,1,2022-03-01 08:45:35,R_1BY5c6FrAafPOTG,,,,,40.7957000732421875,-77.8618011474609375,anonymous,EN,2,1,2,4,3,3,,,2,5,3,1,
2022-03-02 12:52:06,2022-03-02 12:53:06,0,104.39.182.67,100,59,1,2022-03-02 12:53:06,R_22xWz0a9685Widf,,,,,40.7957000732421875,-77.8618011474609375,anonymous,EN,2,1,1,5,3,3,,,2,5,3,2,
2022-03-02 14:15:22,2022-03-02 14:15:58,0,67.22.27.133,100,35,1,2022-03-02 14:15:58,R_2ToYoJ68NIqKjHt,,,,,40.7957000732421875,-77.8618011474609375,anonymous,EN,2,1,1,3,1,1,,,1,3,1,3,
2022-03-02 14:18:22,2022-03-02 14:20:11,0,67.22.27.133,100,109,1,2022-03-02 14:20:11,R_1Fa2xjqNa60IUo2,,,,,40.7957000732421875,-77.8618011474609375,anonymous,EN,2,1,1,4,,,,,,,,,
2022-03-03 00:47:41,2022-03-03 00:54:06,0,199.30.142.2,100,384,1,2022-03-03 00:54:06,R_2rjRKcYjoP62VaR,,,,,40.7957000732421875,-77.8618011474609375,anonymous,EN,2,1,2,4,,,,,,,,,
2022-02-27 11:06:07,2022-02-27 11:06:22,0,174.203.128.59,55,14,0,2022-03-06 11:06:25,R_Qi9MzHSxqwauG4x,,,,,,,anonymous,EN,2,1,2,,,,,,,,,,
2022-03-09 10:49:46,2022-03-09 14:17:03,0,71.60.36.213,100,12436,1,2022-03-09 14:17:03,R_3MclaUGFvTRULJN,,,,,39.961700439453125,-76.73290252685546875,anonymous,EN,,,3,3,3,2,,,,,2,,
2022-03-02 14:20:16,2022-03-02 14:27:30,0,67.22.27.133,91,433,0,2022-03-09 14:27:39,R_PZiuJBZEjyQRFMl,,,,,,,anonymous,EN,,,,,,,,,,,,,
2022-03-09 14:54:08,2022-03-09 15:06:58,0,71.60.36.213,100,769,1,2022-03-09 15:06:58,R_1QAhPoR9xmlD88w,,,,,39.961700439453125,-76.73290252685546875,anonymous,EN,1,,,,,,,,,,,,
2022-03-09 15:07:04,2022-03-09 15:22:04,0,71.60.36.213,100,899,1,2022-03-09 15:22:05,R_2thZPZ6nIWeBQua,,,,,39.961700439453125,-76.73290252685546875,anonymous,EN,2,2,,,,,,,,,,,
2022-03-09 15:22:11,2022-03-09 15:31:21,0,71.60.36.213,100,550,1,2022-03-09 15:31:22,R_YWiHn1bF7RwxrXz,,,,,39.961700439453125,-76.73290252685546875,anonymous,EN,2,1,2,,,,,,,,,,
2022-03-25 07:20:50,2022-03-25 07:20:58,1,,100,8,1,2022-03-25 07:20:59,R_2ATF8nJX3970iTu,,,,,40.7957000732421875,-77.8618011474609375,preview,EN,1,,,,,,,,,,,,
2022-03-30 19:42:42,2022-03-30 19:43:56,0,107.116.7.138,100,73,1,2022-03-30 19:43:57,R_3n0qZJUiX69S6AA,,,,,42.4651947021484375,-83.37129974365234375,qr,EN,3,1,1,5,1,1,5,5,1,5,2,2,5
2022-03-30 23:14:39,2022-03-30 23:16:07,0,73.187.218.44,100,87,1,2022-03-30 23:16:07,R_88tw9IVW6kCrDON,,,,,40.7957000732421875,-77.8618011474609375,anonymous,EN,3,1,2,3,2,2,2,4,1,2,2,3,5
2022-04-01 13:27:52,2022-04-01 13:31:51,0,71.60.32.45,100,239,1,2022-04-01 13:31:52,R_3JkgAj34B4tfHKK,,,,,40.3177032470703125,-79.72229766845703125,anonymous,EN,3,1,1,3,1,1,5,5,2,5,3,1,1
2022-04-01 15:44:18,2022-04-01 15:44:59,0,67.22.27.133,100,40,1,2022-04-01 15:44:59,R_3EbRIH1BvyYUNYk,,,,,40.7957000732421875,-77.8618011474609375,anonymous,EN,2,1,1,5,4,4,5,5,2,5,3,2,2
2022-04-05 12:35:46,2022-04-05 12:36:38,0,104.39.164.30,100,51,1,2022-04-05 12:36:39,R_1rHeHpOsMhPwoPa,,,,,40.7956999999999965211827657185494899749755859375,-77.8618000000000023419488570652902126312255859375,anonymous,EN,3,1,2,4,3,3,5,4,2,5,3,1,3
2022-03-30 23:16:10,2022-03-30 23:16:23,0,73.187.218.44,45,12,0,2022-04-06 23:16:23,R_210tXMroSBAORbo,,,,,,,anonymous,EN,3,1,2,3,,,,,,,,,
2022-04-07 19:10:31,2022-04-07 19:11:26,0,108.36.227.87,100,55,1,2022-04-07 19:11:26,R_3QPHyZLqv5YxxQT,,,,,39.96640000000000014779288903810083866119384765625,-75.168499999999994543031789362430572509765625,anonymous,EN,4,2,1,3,2,2,4,3,2,4,3,2,4
2022-04-07 19:10:59,2022-04-07 19:11:42,0,98.14.147.148,100,43,1,2022-04-07 19:11:42,R_2tEY9bgxTQPakp4,,,,,40.736400000000003274180926382541656494140625,-73.8695000000000021600499167107045650482177734375,anonymous,EN,4,2,1,4,1,1,5,5,1,5,3,1,2
2022-04-07 19:11:03,2022-04-07 19:11:47,0,196.16.108.159,100,43,1,2022-04-07 19:11:47,R_SAT2oMd47hHSTRL,,,,,34.0544000000000011141310096718370914459228515625,-118.2441000000000030922819860279560089111328125,anonymous,EN,2,1,1,2,3,4,5,4,1,4,1,1,5
2022-04-07 19:10:57,2022-04-07 19:11:52,0,99.162.255.143,100,54,1,2022-04-07 19:11:52,R_6tbWDTOetaHN59n,,,,,25.982299999999998618704921682365238666534423828125,-80.140500000000002955857780762016773223876953125,anonymous,EN,4,2,1,3,3,3,3,3,3,5,1,1,1
2022-04-07 19:10:53,2022-04-07 19:12:09,0,208.218.230.31,100,76,1,2022-04-07 19:12:09,R_1l5yEeNFVCGZovS,,,,,39.97030000000000171667124959640204906463623046875,-75.061700000000001864464138634502887725830078125,anonymous,EN,4,2,2,3,4,5,5,4,3,4,1,2,6
2022-04-07 19:10:46,2022-04-07 19:12:10,0,73.165.253.151,100,83,1,2022-04-07 19:12:10,R_BY3icqLe3gTD9ux,,,,,39.98429999999999751025825389660894870758056640625,-75.2266000000000047975845518521964550018310546875,anonymous,EN,4,2,2,5,1,1,5,5,1,5,2,1,1
2022-04-07 19:11:13,2022-04-07 19:12:21,0,47.220.2.118,100,68,1,2022-04-07 19:12:21,R_2PmN36DYWHDjCNf,,,,,30.32169999999999987494447850622236728668212890625,-95.5284999999999939745976007543504238128662109375,anonymous,EN,4,2,2,3,2,3,2,2,1,3,2,3,6
2022-04-07 19:11:03,2022-04-07 19:12:27,0,68.83.174.215,100,83,1,2022-04-07 19:12:27,R_3Jw3mopAYpOjdaY,,,,,39.98429999999999751025825389660894870758056640625,-75.2266000000000047975845518521964550018310546875,anonymous,EN,2,1,2,3,1,1,5,5,1,5,3,1,1
2022-04-07 19:11:03,2022-04-07 19:12:31,0,196.17.64.8,100,88,1,2022-04-07 19:12:31,R_3qP8z5IwKwEY7DX,,,,,34.0544000000000011141310096718370914459228515625,-118.2441000000000030922819860279560089111328125,anonymous,EN,4,2,2,4,2,1,5,5,2,5,1,1,2
2022-04-07 19:11:37,2022-04-07 19:12:32,0,172.98.170.176,100,55,1,2022-04-07 19:12:33,R_pzVnX55hh54731f,,,,,42.36110000000000042064129956997931003570556640625,-71.0518000000000000682121026329696178436279296875,anonymous,EN,3,1,1,2,3,3,3,3,1,3,1,1,4
2022-04-07 19:11:12,2022-04-07 19:12:37,0,99.182.126.80,100,84,1,2022-04-07 19:12:37,R_1o5aucwH68Z0Rcz,,,,,38.26700000000000301270119962282478809356689453125,-122.0439999999999969304553815163671970367431640625,anonymous,EN,4,2,2,1,4,5,4,5,1,4,2,1,5
2022-04-07 19:11:21,2022-04-07 19:12:47,0,73.170.250.168,100,86,1,2022-04-07 19:12:48,R_emNE0XY8y7enytH,,,,,38.09960000000000235331754083745181560516357421875,-122.587299999999999045030563138425350189208984375,anonymous,EN,4,2,1,5,1,1,5,4,2,4,3,1,2
2022-04-07 19:11:03,2022-04-07 19:12:56,0,144.202.33.193,100,113,1,2022-04-07 19:12:57,R_etGTKaBdtqdizWF,,,,,25.81190000000000139834810397587716579437255859375,-80.2318000000000068894223659299314022064208984375,anonymous,EN,4,2,1,2,3,4,4,3,1,4,2,1,5
2022-04-07 19:11:00,2022-04-07 19:12:59,0,73.140.165.131,100,118,1,2022-04-07 19:12:59,R_3KVDuOce742deWg,,,,,47.203000000000002955857780762016773223876953125,-122.488200000000006184563972055912017822265625,anonymous,EN,4,2,2,3,4,5,4,5,2,4,1,2,6
2022-04-07 19:11:41,2022-04-07 19:13:05,0,173.80.192.143,100,84,1,2022-04-07 19:13:06,R_2wgee2EeN1FxiGU,,,,,37.79959999999999809006112627685070037841796875,-81.7159999999999939745976007543504238128662109375,anonymous,EN,4,2,2,5,1,1,5,5,1,5,1,3,7
2022-04-07 19:11:22,2022-04-07 19:13:07,0,208.219.17.154,100,105,1,2022-04-07 19:13:08,R_5cKO0odoLQNCk8x,,,,,45.541100000000000136424205265939235687255859375,-122.5605000000000046611603465862572193145751953125,anonymous,EN,4,1,2,3,5,4,3,4,2,5,1,1,7
2022-04-07 19:11:48,2022-04-07 19:13:09,0,104.137.97.107,100,80,1,2022-04-07 19:13:09,R_2QhprppbOyd7mBh,,,,,30.615600000000000591171556152403354644775390625,-87.3211000000000012732925824820995330810546875,anonymous,EN,4,2,2,3,2,1,5,5,2,5,2,1,2
2022-04-07 19:12:11,2022-04-07 19:13:29,0,208.218.225.70,100,77,1,2022-04-07 19:13:29,R_2DUEvsfzHAmfB3s,,,,,40.80230000000000245563569478690624237060546875,-73.732900000000000773070496506989002227783203125,anonymous,EN,3,2,2,3,5,4,3,5,1,5,1,2,7
2022-04-07 19:12:09,2022-04-07 19:13:38,0,208.218.229.72,100,89,1,2022-04-07 19:13:38,R_2rueMcBz1w5DFzJ,,,,,40.5174999999999982946974341757595539093017578125,-74.399100000000004229150363244116306304931640625,anonymous,EN,3,1,2,3,4,5,4,5,1,5,1,3,7
2022-04-07 19:12:32,2022-04-07 19:13:40,0,208.219.19.255,100,67,1,2022-04-07 19:13:40,R_uxgGwUrfS68q9e9,,,,,45.541100000000000136424205265939235687255859375,-122.5605000000000046611603465862572193145751953125,anonymous,EN,4,2,2,3,3,4,5,4,2,4,1,2,6
2022-04-07 19:12:29,2022-04-07 19:13:46,0,23.243.56.31,100,77,1,2022-04-07 19:13:46,R_1rram0tjm8UPgqq,,,,,33.90729999999999932924765744246542453765869140625,-118.008700000000004592948243953287601470947265625,anonymous,EN,3,1,2,3,3,1,5,5,1,5,3,1,1
2022-04-07 19:13:01,2022-04-07 19:13:47,0,208.218.226.191,100,46,1,2022-04-07 19:13:47,R_2EH4FE3ZZXkcVdr,,,,,40.80230000000000245563569478690624237060546875,-73.732900000000000773070496506989002227783203125,anonymous,EN,4,1,2,3,5,4,5,4,3,5,1,1,7
2022-04-07 19:11:38,2022-04-07 19:13:57,0,208.218.225.212,100,138,1,2022-04-07 19:13:57,R_3gYGdHtW2tmNRxB,,,,,40.80230000000000245563569478690624237060546875,-73.732900000000000773070496506989002227783203125,anonymous,EN,4,2,1,3,3,3,5,5,3,3,2,1,2
2022-04-07 19:11:17,2022-04-07 19:14:04,0,67.177.254.152,100,166,1,2022-04-07 19:14:04,R_3e1YI6gdUr3XQVt,,,,,39.6561999999999983401721692644059658050537109375,-104.7866000000000070713213062845170497894287109375,anonymous,EN,4,2,1,2,5,4,,4,1,5,1,1,7
2022-04-07 19:12:00,2022-04-07 19:14:07,0,24.211.77.134,100,127,1,2022-04-07 19:14:07,R_2aKa43vwvRNlBCl,,,,,34.12310000000000087538865045644342899322509765625,-79.689300000000002910383045673370361328125,anonymous,EN,4,1,2,3,5,4,5,4,2,5,1,3,7
2022-04-07 19:13:03,2022-04-07 19:14:10,0,144.202.33.193,100,67,1,2022-04-07 19:14:10,R_03ePlkjkVjJFzDr,,,,,25.81190000000000139834810397587716579437255859375,-80.2318000000000068894223659299314022064208984375,anonymous,EN,4,2,1,2,4,5,4,5,2,4,1,1,7
2022-04-07 19:13:48,2022-04-07 19:14:32,0,208.218.227.101,100,44,1,2022-04-07 19:14:32,R_3iVTeTBjIWttIhs,,,,,40.80230000000000245563569478690624237060546875,-73.732900000000000773070496506989002227783203125,anonymous,EN,3,2,2,3,4,4,4,4,2,4,1,3,6
2022-04-07 19:11:05,2022-04-07 19:14:34,0,45.42.190.112,100,209,1,2022-04-07 19:14:35,R_z23ChAJjKx4WU1j,,,,,38.8864999999999980673237587325274944305419921875,-77.0910999999999972942532622255384922027587890625,anonymous,EN,3,2,2,2,2,3,4,3,2,3,1,2,6
2022-04-07 19:13:04,2022-04-07 19:14:42,0,73.177.119.23,100,97,1,2022-04-07 19:14:42,R_BG5MTjGUC5AUmQN,,,,,35.15670000000000072759576141834259033203125,-89.927400000000005775291356258094310760498046875,anonymous,EN,4,2,2,1,4,3,2,4,1,4,1,3,6
2022-04-07 19:13:58,2022-04-07 19:14:48,0,208.219.19.255,100,49,1,2022-04-07 19:14:49,R_3efzPGxJvXbsQMY,,,,,45.541100000000000136424205265939235687255859375,-122.5605000000000046611603465862572193145751953125,anonymous,EN,4,1,2,3,3,2,3,4,3,3,2,1,5
2022-04-07 19:13:25,2022-04-07 19:15:06,0,196.16.111.41,100,101,1,2022-04-07 19:15:06,R_28J8SbAea9BvLvJ,,,,,34.0544000000000011141310096718370914459228515625,-118.2441000000000030922819860279560089111328125,anonymous,EN,4,1,2,4,4,3,4,5,3,4,1,1,6
2022-04-07 19:14:13,2022-04-07 19:15:14,0,208.218.229.72,100,60,1,2022-04-07 19:15:14,R_vq1Srn4AgKTJo3v,,,,,40.5174999999999982946974341757595539093017578125,-74.399100000000004229150363244116306304931640625,anonymous,EN,3,1,2,3,4,5,4,5,1,5,1,2,7
2022-04-07 19:14:40,2022-04-07 19:15:19,0,208.218.227.101,100,38,1,2022-04-07 19:15:19,R_27HXBwutVvl5GWZ,,,,,40.80230000000000245563569478690624237060546875,-73.732900000000000773070496506989002227783203125,anonymous,EN,3,1,2,3,3,4,4,4,1,4,1,2,5
2022-04-07 19:12:14,2022-04-07 19:15:20,0,196.16.108.193,100,185,1,2022-04-07 19:15:20,R_XMaVwW7pEVbf4EF,,,,,34.0544000000000011141310096718370914459228515625,-118.2441000000000030922819860279560089111328125,anonymous,EN,4,"1,2",2,3,4,4,3,4,3,4,1,1,5
2022-04-07 19:13:46,2022-04-07 19:15:56,0,47.205.24.216,100,129,1,2022-04-07 19:15:56,R_3fC7ftnjyDqRKtI,,,,,28.050799999999998846078597125597298145294189453125,-82.4484000000000065710992203094065189361572265625,anonymous,EN,4,2,2,2,4,5,4,5,2,4,1,2,6
2022-04-07 19:11:25,2022-04-07 19:15:56,0,196.16.108.199,100,271,1,2022-04-07 19:15:56,R_2dSKIW6UXHPU2lk,,,,,34.0544000000000011141310096718370914459228515625,-118.2441000000000030922819860279560089111328125,anonymous,EN,4,1,2,2,4,5,5,5,3,5,1,1,5
2022-04-07 19:13:15,2022-04-07 19:15:58,0,208.219.17.154,100,162,1,2022-04-07 19:15:58,R_1GOWg0l3TZuE7fs,,,,,45.541100000000000136424205265939235687255859375,-122.5605000000000046611603465862572193145751953125,anonymous,EN,4,1,2,3,4,3,5,4,3,5,1,1,6
2022-04-07 19:14:20,2022-04-07 19:16:06,0,24.211.77.134,100,105,1,2022-04-07 19:16:06,R_1jj1L1STOMzaruM,,,,,34.12310000000000087538865045644342899322509765625,-79.689300000000002910383045673370361328125,anonymous,EN,4,1,2,3,5,4,5,4,3,5,2,1,7
2022-04-07 19:14:22,2022-04-07 19:16:11,0,147.124.213.8,100,109,1,2022-04-07 19:16:11,R_3s6qLteVtHFu5xO,,,,,32.77669999999999816964191268198192119598388671875,-96.80500000000000682121026329696178436279296875,anonymous,EN,4,2,1,2,3,4,3,4,2,5,1,1,4
2022-04-07 19:13:45,2022-04-07 19:16:19,0,208.219.18.66,100,153,1,2022-04-07 19:16:19,R_3FLjkunXGVxh3Sm,,,,,45.541100000000000136424205265939235687255859375,-122.5605000000000046611603465862572193145751953125,anonymous,EN,4,2,1,2,2,3,2,3,1,2,1,1,6
2022-04-07 19:15:12,2022-04-07 19:16:25,0,196.16.110.175,100,72,1,2022-04-07 19:16:25,R_1cZhNKHiIEgXsxh,,,,,34.0544000000000011141310096718370914459228515625,-118.2441000000000030922819860279560089111328125,anonymous,EN,4,1,2,3,4,5,4,5,1,5,1,3,6
2022-04-07 19:15:02,2022-04-07 19:16:27,0,144.202.45.85,100,85,1,2022-04-07 19:16:27,R_2VeGxkg3mALD9S5,,,,,25.81190000000000139834810397587716579437255859375,-80.2318000000000068894223659299314022064208984375,anonymous,EN,4,2,1,2,4,3,4,4,2,4,1,1,6
2022-04-07 19:14:48,2022-04-07 19:16:30,0,45.42.190.112,100,101,1,2022-04-07 19:16:30,R_1Kygd1IyVU4k5Zm,,,,,38.8864999999999980673237587325274944305419921875,-77.0910999999999972942532622255384922027587890625,anonymous,EN,3,2,2,2,2,3,2,3,2,3,1,2,4
2022-04-07 19:11:48,2022-04-07 19:16:32,0,73.162.225.49,100,283,1,2022-04-07 19:16:32,R_zYUv98RBG5gqSJP,,,,,37.964799999999996771293808706104755401611328125,-121.7699999999999960209606797434389591217041015625,anonymous,EN,4,1,2,3,5,3,4,5,2,5,2,1,4
2022-04-07 19:14:49,2022-04-07 19:16:39,0,208.218.224.242,100,110,1,2022-04-07 19:16:39,R_1JW6Z9IJAY0FOpO,,,,,40.80230000000000245563569478690624237060546875,-73.732900000000000773070496506989002227783203125,anonymous,EN,3,1,2,3,5,1,5,5,2,5,1,3,7
2022-04-07 19:13:39,2022-04-07 19:17:00,0,208.218.225.70,100,200,1,2022-04-07 19:17:00,R_1NFa2ts5zYZl46q,,,,,40.80230000000000245563569478690624237060546875,-73.732900000000000773070496506989002227783203125,anonymous,EN,4,1,2,3,3,2,4,5,2,5,1,1,7
2022-04-07 19:15:54,2022-04-07 19:17:17,0,196.17.64.75,100,83,1,2022-04-07 19:17:18,R_3IbdWthzXdjiqFp,,,,,34.0544000000000011141310096718370914459228515625,-118.2441000000000030922819860279560089111328125,anonymous,EN,4,2,2,2,4,4,3,3,2,4,2,3,6
2022-04-07 19:16:56,2022-04-07 19:17:19,0,107.77.218.130,100,22,1,2022-04-07 19:17:19,R_Ry4cxsbCiiRLFfz,,,,,29.828399999999998470912032644264400005340576171875,-95.4695999999999997953636921010911464691162109375,anonymous,EN,4,2,1,2,4,4,3,4,2,3,2,1,4
2022-04-07 19:11:35,2022-04-07 19:17:24,0,96.66.121.81,100,349,1,2022-04-07 19:17:25,R_yVM6D9zyVmdZijT,,,,,35.10629999999999739657141617499291896820068359375,-89.941000000000002501110429875552654266357421875,anonymous,EN,4,2,2,2,3,2,4,5,1,2,2,1,4
2022-04-07 19:16:34,2022-04-07 19:17:28,0,196.16.110.175,100,53,1,2022-04-07 19:17:28,R_3nSZVCVPmqDRjAQ,,,,,34.0544000000000011141310096718370914459228515625,-118.2441000000000030922819860279560089111328125,anonymous,EN,2,1,2,3,4,3,4,5,2,5,1,2,7
2022-04-07 19:17:04,2022-04-07 19:18:18,0,208.218.224.242,100,73,1,2022-04-07 19:18:18,R_tERy1ZQ0KXU2OFX,,,,,40.80230000000000245563569478690624237060546875,-73.732900000000000773070496506989002227783203125,anonymous,EN,4,1,1,2,5,1,5,5,3,5,1,2,6
2022-04-07 19:15:27,2022-04-07 19:18:24,0,73.73.112.97,100,176,1,2022-04-07 19:18:24,R_a62bLHG0ZED7sHL,,,,,41.76879999999999881765688769519329071044921875,-88.1424999999999982946974341757595539093017578125,anonymous,EN,3,1,2,3,4,5,4,5,2,4,2,1,6
2022-04-07 19:11:51,2022-04-07 19:18:34,0,208.218.228.224,100,403,1,2022-04-07 19:18:35,R_3s6WQd0Kvzi34qk,,,,,40.5174999999999982946974341757595539093017578125,-74.399100000000004229150363244116306304931640625,anonymous,EN,4,1,2,3,4,4,5,5,2,4,1,3,6
2022-04-07 19:17:14,2022-04-07 19:19:19,0,208.219.17.252,100,124,1,2022-04-07 19:19:19,R_3rULtQONK868ANW,,,,,45.541100000000000136424205265939235687255859375,-122.5605000000000046611603465862572193145751953125,anonymous,EN,4,"1,2",2,2,5,4,5,4,1,5,1,2,6
2022-04-07 19:17:53,2022-04-07 19:19:24,0,70.32.1.84,100,91,1,2022-04-07 19:19:24,R_3EauH1J538wjXXY,,,,,39.04690000000000082991391536779701709747314453125,-77.4903000000000048430592869408428668975830078125,anonymous,EN,"3,4",1,1,2,1,1,1,1,1,5,2,1,1
2022-04-07 19:18:58,2022-04-07 19:19:55,0,208.218.225.70,100,57,1,2022-04-07 19:19:56,R_bOgmZBWOyqEMTTj,,,,,40.80230000000000245563569478690624237060546875,-73.732900000000000773070496506989002227783203125,anonymous,EN,3,1,1,2,1,2,1,2,3,4,2,3,7
2022-04-07 19:19:08,2022-04-07 19:20:00,0,208.218.227.111,100,51,1,2022-04-07 19:20:00,R_1g0CR29GV7ahkW4,,,,,40.80230000000000245563569478690624237060546875,-73.732900000000000773070496506989002227783203125,anonymous,EN,4,2,2,3,4,4,4,5,1,4,1,3,2
2022-04-07 19:18:30,2022-04-07 19:20:01,0,73.140.165.131,100,90,1,2022-04-07 19:20:01,R_3hsb9bP1WwZHQpU,,,,,47.203000000000002955857780762016773223876953125,-122.488200000000006184563972055912017822265625,anonymous,EN,4,2,2,3,4,5,4,5,2,4,1,1,6
2022-04-07 19:18:21,2022-04-07 19:20:04,0,69.14.61.32,100,103,1,2022-04-07 19:20:04,R_3dyTO39uqzLwqVX,,,,,42.2316000000000002501110429875552654266357421875,-83.2659000000000020236257114447653293609619140625,anonymous,EN,4,2,2,3,5,4,4,5,2,5,1,3,6
2022-04-07 19:19:20,2022-04-07 19:20:23,0,208.219.19.214,100,62,1,2022-04-07 19:20:23,R_3JmCMpafqAXogZN,,,,,45.541100000000000136424205265939235687255859375,-122.5605000000000046611603465862572193145751953125,anonymous,EN,4,2,2,3,5,4,4,4,2,5,1,1,2
2022-04-07 19:19:08,2022-04-07 19:20:23,0,208.219.17.209,100,75,1,2022-04-07 19:20:24,R_3fE1ITvCrBcGpjx,,,,,45.541100000000000136424205265939235687255859375,-122.5605000000000046611603465862572193145751953125,anonymous,EN,4,2,1,2,4,5,5,4,2,4,1,3,2
2022-04-07 19:17:59,2022-04-07 19:20:26,0,47.205.24.216,100,147,1,2022-04-07 19:20:26,R_2TSGUqi7X83MJtC,,,,,28.050799999999998846078597125597298145294189453125,-82.4484000000000065710992203094065189361572265625,anonymous,EN,4,"1,2",2,2,3,4,2,4,1,3,2,3,2
2022-04-07 19:18:53,2022-04-07 19:20:28,0,208.218.228.224,100,95,1,2022-04-07 19:20:28,R_BrMK7tHiILFMBrP,,,,,40.5174999999999982946974341757595539093017578125,-74.399100000000004229150363244116306304931640625,anonymous,EN,4,1,2,3,4,5,4,5,2,4,1,1,7
2022-04-07 19:19:35,2022-04-07 19:21:23,0,196.18.228.193,100,107,1,2022-04-07 19:21:23,R_2AKcAoxa2gDIpCs,,,,,39.102699999999998681232682429254055023193359375,-94.577799999999996316546457819640636444091796875,anonymous,EN,4,2,1,4,5,4,3,5,2,5,1,1,6
2022-04-07 19:19:11,2022-04-07 19:21:24,0,208.218.224.206,100,132,1,2022-04-07 19:21:24,R_2t6caoowQ5nXu8d,,,,,40.80230000000000245563569478690624237060546875,-73.732900000000000773070496506989002227783203125,anonymous,EN,2,1,1,2,3,3,4,3,2,3,1,1,6
2022-04-07 19:21:07,2022-04-07 19:21:57,0,196.16.110.119,100,49,1,2022-04-07 19:21:57,R_1Ojg5KbJGsPS0ay,,,,,34.0544000000000011141310096718370914459228515625,-118.2441000000000030922819860279560089111328125,anonymous,EN,4,2,1,3,5,4,4,4,2,4,1,3,3
2022-04-07 19:21:27,2022-04-07 19:22:25,0,71.85.196.91,100,57,1,2022-04-07 19:22:25,R_2Y5NNMielUUIITb,,,,,38.74719999999999942019712761975824832916259765625,-90.7246999999999985675458447076380252838134765625,anonymous,EN,4,2,2,3,4,4,4,5,2,4,1,1,6
2022-04-07 19:21:41,2022-04-07 19:22:26,0,94.103.189.13,100,45,1,2022-04-07 19:22:27,R_28NSRtNFoX5qFLG,,,,,39.04690000000000082991391536779701709747314453125,-77.4903000000000048430592869408428668975830078125,anonymous,EN,4,2,1,3,4,4,4,4,1,4,1,2,6
2022-04-07 19:21:42,2022-04-07 19:22:40,0,208.218.224.206,100,57,1,2022-04-07 19:22:41,R_268s3bXfShrbr96,,,,,40.80230000000000245563569478690624237060546875,-73.732900000000000773070496506989002227783203125,anonymous,EN,2,1,1,1,3,3,3,3,1,3,2,3,2
2022-04-07 19:22:07,2022-04-07 19:23:36,0,72.183.100.179,100,89,1,2022-04-07 19:23:38,R_00MQWE0USYwI0EN,,,,,27.55199999999999960209606797434389591217041015625,-99.4959000000000060026650317013263702392578125,anonymous,EN,3,1,2,3,1,1,4,5,1,5,3,1,4
2022-04-07 19:22:26,2022-04-07 19:23:57,0,208.218.230.103,100,90,1,2022-04-07 19:23:57,R_3hFRKN1dZ5YU9jI,,,,,39.97030000000000171667124959640204906463623046875,-75.061700000000001864464138634502887725830078125,anonymous,EN,3,1,1,2,4,5,4,5,2,5,1,3,7
2022-04-07 19:23:30,2022-04-07 19:24:24,0,45.42.190.122,100,54,1,2022-04-07 19:24:24,R_1dg0RWYXv6Ls5fe,,,,,38.8864999999999980673237587325274944305419921875,-77.0910999999999972942532622255384922027587890625,anonymous,EN,3,"1,2",1,3,5,5,5,5,3,5,1,2,7
2022-04-07 19:22:40,2022-04-07 19:24:30,0,76.22.101.13,100,110,1,2022-04-07 19:24:30,R_24CwCcug6pOkfsl,,,,,47.46260000000000189857018995098769664764404296875,-122.208899999999999863575794734060764312744140625,anonymous,EN,4,2,2,1,4,1,2,4,3,5,3,1,5
2022-04-07 19:22:09,2022-04-07 19:24:47,0,107.161.113.252,100,158,1,2022-04-07 19:24:47,R_3EuQpxWq4zgONPu,,,,,35.2316000000000002501110429875552654266357421875,-80.8427999999999968849806464277207851409912109375,anonymous,EN,4,2,2,1,4,3,4,4,1,4,2,3,4
2022-04-07 19:22:12,2022-04-07 19:24:49,0,202.182.65.175,100,156,1,2022-04-07 19:24:49,R_28LMILXycNbCkZo,,,,,40.76830000000000353566065314225852489471435546875,-73.980199999999996407495927996933460235595703125,anonymous,EN,4,2,1,1,5,4,3,4,3,5,1,1,7
2022-04-07 19:23:32,2022-04-07 19:24:53,0,208.219.16.217,100,80,1,2022-04-07 19:24:54,R_3KD4sqXj5ZaoKaw,,,,,45.541100000000000136424205265939235687255859375,-122.5605000000000046611603465862572193145751953125,anonymous,EN,4,1,1,2,5,4,5,4,1,4,1,3,6
2022-04-07 19:24:12,2022-04-07 19:25:19,0,74.72.128.200,100,67,1,2022-04-07 19:25:19,R_1dbHLjTdK78dqcD,,,,,40.81710000000000349018591805361211299896240234375,-73.939199999999999590727384202182292938232421875,anonymous,EN,2,2,1,2,1,1,4,4,1,5,2,2,5
2022-04-07 19:22:40,2022-04-07 19:25:26,0,138.219.174.18,100,166,1,2022-04-07 19:25:27,R_2U3f10VgDH2QhlH,,,,,34.0544000000000011141310096718370914459228515625,-118.2441000000000030922819860279560089111328125,anonymous,EN,3,1,1,1,4,5,5,4,2,4,1,3,2
2022-04-07 19:24:15,2022-04-07 19:25:27,0,47.135.68.17,100,71,1,2022-04-07 19:25:27,R_1f1vbSRuL7ekvj5,,,,,35.91879999999999739657141617499291896820068359375,-81.5403000000000020008883439004421234130859375,anonymous,EN,4,2,2,2,5,5,4,5,2,5,1,2,6
2022-04-07 19:20:33,2022-04-07 19:25:43,0,163.123.220.125,100,309,1,2022-04-07 19:25:43,R_27fiupNrNXlrAyA,,,,,40.9029000000000024783730623312294483184814453125,-73.858800000000002228262019343674182891845703125,anonymous,EN,4,2,2,3,4,2,,3,2,4,1,1,5
2022-04-07 19:24:25,2022-04-07 19:26:59,0,208.218.230.103,100,153,1,2022-04-07 19:26:59,R_3gN73AtFU7MWQod,,,,,39.97030000000000171667124959640204906463623046875,-75.061700000000001864464138634502887725830078125,anonymous,EN,4,1,1,1,5,4,5,4,1,5,1,3,5
2022-04-07 19:25:42,2022-04-07 19:27:11,0,212.162.150.118,100,89,1,2022-04-07 19:27:11,R_p0HkgcN3dz9bGWR,,,,,41.87769999999999726014721090905368328094482421875,-87.6376000000000061618266045115888118743896484375,anonymous,EN,4,2,1,3,4,3,5,4,2,4,1,1,5
2022-04-07 19:24:54,2022-04-07 19:27:16,0,104.37.172.55,100,142,1,2022-04-07 19:27:16,R_2YKPisZlhI88qc8,,,,,32.77669999999999816964191268198192119598388671875,-96.80500000000000682121026329696178436279296875,anonymous,EN,4,2,1,3,4,3,4,3,1,4,2,1,2
2022-04-07 19:25:33,2022-04-07 19:27:29,0,208.218.226.241,100,116,1,2022-04-07 19:27:29,R_3CDbz54SNpvgSQa,,,,,40.80230000000000245563569478690624237060546875,-73.732900000000000773070496506989002227783203125,anonymous,EN,4,1,1,2,4,3,4,4,2,5,1,1,6
2022-04-07 19:26:01,2022-04-07 19:27:50,0,196.16.111.59,100,108,1,2022-04-07 19:27:52,R_1feka8YHMEDzR1V,,,,,34.0544000000000011141310096718370914459228515625,-118.2441000000000030922819860279560089111328125,anonymous,EN,4,2,2,2,3,3,4,4,1,4,1,2,4
2022-04-07 19:24:27,2022-04-07 19:28:09,0,73.36.7.28,100,221,1,2022-04-07 19:28:09,R_39HmGr8HvkmrRCN,,,,,41.6141999999999967485564411617815494537353515625,-87.551500000000004320099833421409130096435546875,anonymous,EN,3,1,1,3,4,5,4,5,2,4,2,2,3
2022-04-07 19:19:25,2022-04-07 19:28:19,0,63.161.77.118,100,533,1,2022-04-07 19:28:19,R_2qfSwiHwd7UE2WJ,,,,,39.00189999999999912461134954355657100677490234375,-77.455600000000004001776687800884246826171875,anonymous,EN,4,2,2,2,3,3,4,4,1,4,1,1,5
2022-04-07 19:27:42,2022-04-07 19:28:46,0,212.162.150.118,100,64,1,2022-04-07 19:28:46,R_2WG5As5DTWGQcUV,,,,,41.87769999999999726014721090905368328094482421875,-87.6376000000000061618266045115888118743896484375,anonymous,EN,4,2,1,3,4,5,4,5,3,5,1,1,7
2022-04-07 19:27:47,2022-04-07 19:28:54,0,104.37.172.55,100,67,1,2022-04-07 19:28:54,R_1NDsr8hJhkhZplU,,,,,32.77669999999999816964191268198192119598388671875,-96.80500000000000682121026329696178436279296875,anonymous,EN,3,1,1,2,4,3,4,3,3,4,1,1,2
2022-04-07 19:27:46,2022-04-07 19:29:26,0,196.17.67.34,100,99,1,2022-04-07 19:29:26,R_2fwYgzU0b5H645I,,,,,34.0544000000000011141310096718370914459228515625,-118.2441000000000030922819860279560089111328125,anonymous,EN,4,2,1,3,5,4,5,5,1,5,1,1,7
2022-04-07 19:28:07,2022-04-07 19:29:37,0,208.218.228.227,100,90,1,2022-04-07 19:29:37,R_5uNsX9lPTNBynrX,,,,,40.5174999999999982946974341757595539093017578125,-74.399100000000004229150363244116306304931640625,anonymous,EN,4,2,2,1,4,3,4,5,2,4,1,1,6
2022-04-07 19:27:34,2022-04-07 19:29:37,0,208.218.226.209,100,123,1,2022-04-07 19:29:38,R_9MmrggYj3CNJ9G9,,,,,40.80230000000000245563569478690624237060546875,-73.732900000000000773070496506989002227783203125,anonymous,EN,4,2,2,3,1,2,5,5,2,3,1,1,6
2022-04-07 19:30:15,2022-04-07 19:30:54,0,68.34.74.124,100,39,1,2022-04-07 19:30:54,R_d68RBe8RfRgdpbX,,,,,42.19550000000000267164068645797669887542724609375,-83.4894000000000033878677641041576862335205078125,anonymous,EN,4,1,1,1,3,3,4,4,2,4,2,2,4
2022-04-07 19:29:39,2022-04-07 19:31:00,0,196.17.250.16,100,81,1,2022-04-07 19:31:00,R_1nZwKwhqevHl3sH,,,,,39.102699999999998681232682429254055023193359375,-94.577799999999996316546457819640636444091796875,anonymous,EN,4,2,2,4,3,5,4,5,,4,1,2,6
2022-04-07 19:30:06,2022-04-07 19:31:03,0,104.37.174.30,100,57,1,2022-04-07 19:31:04,R_2aX0zOAusj7MrFV,,,,,32.77669999999999816964191268198192119598388671875,-96.80500000000000682121026329696178436279296875,anonymous,EN,3,1,2,2,4,5,4,5,1,4,1,1,2
2022-04-07 19:30:41,2022-04-07 19:31:37,0,142.255.125.91,100,56,1,2022-04-07 19:31:38,R_33rMPUFMr6jYNTU,,,,,40.6631000000000000227373675443232059478759765625,-73.760099999999994224708643741905689239501953125,anonymous,EN,4,2,2,4,2,2,5,5,3,4,2,2,7
2022-04-07 19:30:36,2022-04-07 19:31:50,0,24.49.51.39,100,73,1,2022-04-07 19:31:50,R_2w62mkqjmQuIeMW,,,,,39.63430000000000319460013997741043567657470703125,-77.733699999999998908606357872486114501953125,anonymous,EN,4,2,2,3,1,1,3,1,2,5,3,1,4
2022-04-07 19:29:55,2022-04-07 19:32:11,0,196.17.67.34,100,136,1,2022-04-07 19:32:12,R_3BEC2wRvKvQJkGd,,,,,34.0544000000000011141310096718370914459228515625,-118.2441000000000030922819860279560089111328125,anonymous,EN,4,2,1,1,5,4,5,5,1,5,1,1,7
2022-04-07 19:27:16,2022-04-07 19:32:16,0,208.218.230.103,100,299,1,2022-04-07 19:32:16,R_ANXxFS5HhF031oB,,,,,39.97030000000000171667124959640204906463623046875,-75.061700000000001864464138634502887725830078125,anonymous,EN,3,1,2,2,5,4,5,4,2,5,1,2,6
2022-04-07 19:31:19,2022-04-07 19:32:59,0,216.250.249.137,100,100,1,2022-04-07 19:33:00,R_3Etk2wB3SYJmZ8q,,,,,37.75099999999999766941982670687139034271240234375,-97.8220000000000027284841053187847137451171875,anonymous,EN,4,1,2,2,4,5,4,5,1,4,1,2,6
2022-04-07 19:32:09,2022-04-07 19:33:19,0,68.46.199.7,100,70,1,2022-04-07 19:33:20,R_3sBSNbgDjt8Lb9o,,,,,34.74459999999999837427822058089077472686767578125,-86.67140000000000554791768081486225128173828125,anonymous,EN,4,2,1,3,3,1,3,5,1,5,2,3,7
2022-04-07 19:32:35,2022-04-07 19:33:24,0,45.42.190.84,100,48,1,2022-04-07 19:33:24,R_12rptuDVd3307uy,,,,,38.8864999999999980673237587325274944305419921875,-77.0910999999999972942532622255384922027587890625,anonymous,EN,"3,4",2,2,3,4,5,5,5,1,4,2,1,6
2022-04-07 19:06:41,2022-04-07 19:33:24,0,71.58.74.251,100,1602,1,2022-04-07 19:33:24,R_2QRH64qu1TituVA,,,,,40.8102999999999980218490236438810825347900390625,-77.888000000000005229594535194337368011474609375,anonymous,EN,4,1,2,2,4,2,4,4,1,5,2,1,2
2022-04-07 19:31:56,2022-04-07 19:33:27,0,166.205.97.76,100,90,1,2022-04-07 19:33:27,R_3Ej0UCsw6LbDKMC,,,,,32.826099999999996725819073617458343505859375,-96.8345000000000055706550483591854572296142578125,anonymous,EN,"3,4",1,2,2,4,2,2,1,2,4,1,1,6
2022-04-07 19:33:41,2022-04-07 19:34:32,0,129.210.115.228,100,51,1,2022-04-07 19:34:32,R_ueHyJxTOswliEpj,,,,,37.34759999999999990905052982270717620849609375,-121.9338000000000050704329623840749263763427734375,anonymous,EN,4,2,1,3,4,2,4,4,1,5,1,1,2
2022-04-07 19:34:23,2022-04-07 19:35:06,0,208.218.225.87,100,43,1,2022-04-07 19:35:06,R_3lRYNdF8F5cLfyS,,,,,40.80230000000000245563569478690624237060546875,-73.732900000000000773070496506989002227783203125,anonymous,EN,2,1,2,2,5,4,5,4,1,5,1,2,7
2022-04-07 19:34:50,2022-04-07 19:36:16,0,208.219.16.191,100,85,1,2022-04-07 19:36:16,R_1o604Cs2rY9MHel,,,,,45.541100000000000136424205265939235687255859375,-122.5605000000000046611603465862572193145751953125,anonymous,EN,3,1,1,4,5,4,3,4,1,5,1,1,7
2022-04-07 19:32:10,2022-04-07 19:36:25,0,45.150.223.217,100,255,1,2022-04-07 19:36:26,R_2DYwxjzzwngfzJt,,,,,39.018000000000000682121026329696178436279296875,-77.5390000000000014779288903810083866119384765625,anonymous,EN,4,2,1,3,3,2,4,5,1,5,1,1,4
2022-04-07 19:35:05,2022-04-07 19:36:40,0,196.16.109.151,100,94,1,2022-04-07 19:36:40,R_3qlLvJE3FNfoREx,,,,,34.0544000000000011141310096718370914459228515625,-118.2441000000000030922819860279560089111328125,anonymous,EN,4,2,2,3,5,5,4,5,2,5,1,1,7
2022-04-07 19:34:45,2022-04-07 19:36:47,0,77.111.246.16,100,121,1,2022-04-07 19:36:47,R_1C9FmCHfbw2dI1I,,,,,37.75099999999999766941982670687139034271240234375,-97.8220000000000027284841053187847137451171875,anonymous,EN,3,2,1,3,1,2,1,2,1,5,1,1,6
2022-04-07 19:30:52,2022-04-07 19:37:12,0,208.218.228.227,100,379,1,2022-04-07 19:37:12,R_2WJtGLpTjGr9c3Q,,,,,40.5174999999999982946974341757595539093017578125,-74.399100000000004229150363244116306304931640625,anonymous,EN,4,2,2,1,3,3,3,3,3,4,2,1,6
2022-04-07 19:36:41,2022-04-07 19:37:39,0,208.218.227.77,100,58,1,2022-04-07 19:37:39,R_306vkUQ5Ap0OcV2,,,,,40.80230000000000245563569478690624237060546875,-73.732900000000000773070496506989002227783203125,anonymous,EN,4,2,1,3,5,4,5,4,3,5,1,3,2
2022-04-07 19:36:30,2022-04-07 19:37:53,0,208.219.16.191,100,83,1,2022-04-07 19:37:54,R_9MPS9ZDvOnykYsF,,,,,45.541100000000000136424205265939235687255859375,-122.5605000000000046611603465862572193145751953125,anonymous,EN,3,1,1,4,5,4,4,4,1,5,1,1,1
2022-04-07 19:36:49,2022-04-07 19:37:56,0,196.16.109.151,100,67,1,2022-04-07 19:37:57,R_4Pf6FjZX9pqJV3b,,,,,34.0544000000000011141310096718370914459228515625,-118.2441000000000030922819860279560089111328125,anonymous,EN,4,2,2,3,5,5,4,5,2,5,1,1,4
2022-04-07 19:38:27,2022-04-07 19:40:01,0,208.219.16.191,100,93,1,2022-04-07 19:40:01,R_27al9wt4by78yqi,,,,,45.541100000000000136424205265939235687255859375,-122.5605000000000046611603465862572193145751953125,anonymous,EN,3,1,1,4,5,4,4,4,1,5,1,1,4
2022-04-07 19:12:54,2022-04-07 19:40:17,0,208.218.226.191,100,1643,1,2022-04-07 19:40:18,R_2zZMTj6gM2OvTM1,,,,,40.80230000000000245563569478690624237060546875,-73.732900000000000773070496506989002227783203125,anonymous,EN,4,2,2,3,5,4,5,4,3,5,2,2,7
2022-04-07 19:39:48,2022-04-07 19:41:10,0,107.77.207.235,100,81,1,2022-04-07 19:41:10,R_1GOhy2vspSFtbP9,,,,,41.87639999999999673718775738961994647979736328125,-87.6132999999999952933649183250963687896728515625,anonymous,EN,4,2,2,2,2,2,5,4,1,5,2,2,3
2022-04-07 19:40:04,2022-04-07 19:41:14,0,172.82.143.202,100,69,1,2022-04-07 19:41:14,R_29ccENDxNDpmbzw,,,,,39.018000000000000682121026329696178436279296875,-77.5390000000000014779288903810083866119384765625,anonymous,EN,4,1,2,1,4,3,5,4,1,4,1,3,7
2022-04-07 19:40:42,2022-04-07 19:41:32,0,138.219.173.222,100,50,1,2022-04-07 19:41:32,R_2UiajS9mX8oWuKL,,,,,37.47919999999999873807610129006206989288330078125,-121.1644000000000005456968210637569427490234375,anonymous,EN,3,1,2,3,4,3,2,4,2,3,1,2,5
2022-04-07 19:40:33,2022-04-07 19:41:58,0,208.219.16.191,100,85,1,2022-04-07 19:41:58,R_RakALoBuxH1jEqZ,,,,,45.541100000000000136424205265939235687255859375,-122.5605000000000046611603465862572193145751953125,anonymous,EN,3,1,1,4,5,4,5,4,1,5,1,1,5
2022-04-07 19:40:43,2022-04-07 19:42:13,0,71.65.201.153,100,90,1,2022-04-07 19:42:13,R_3lBbRyuZIhiqhY5,,,,,35.798000000000001818989403545856475830078125,-78.3926000000000016143530956469476222991943359375,anonymous,EN,4,2,1,3,4,4,5,4,2,4,2,1,6
2022-04-07 19:41:18,2022-04-07 19:42:27,0,172.82.143.202,100,69,1,2022-04-07 19:42:28,R_3nlcuBDfK8Qda7u,,,,,39.018000000000000682121026329696178436279296875,-77.5390000000000014779288903810083866119384765625,anonymous,EN,4,1,2,2,4,3,5,4,1,4,1,2,5
2022-04-07 19:40:21,2022-04-07 19:42:30,0,208.218.224.138,100,129,1,2022-04-07 19:42:30,R_3Du8oCqFXwIpGQL,,,,,40.80230000000000245563569478690624237060546875,-73.732900000000000773070496506989002227783203125,anonymous,EN,4,1,2,2,5,4,5,4,1,5,1,1,7
2022-04-07 19:41:40,2022-04-07 19:42:38,0,157.52.175.59,100,58,1,2022-04-07 19:42:39,R_tGUaQHywcip9NvP,,,,,45.52420000000000044337866711430251598358154296875,-122.6684000000000054342308430932462215423583984375,anonymous,EN,4,2,2,3,4,3,4,2,1,4,2,1,6
2022-04-07 19:41:34,2022-04-07 19:42:49,0,208.195.22.187,100,74,1,2022-04-07 19:42:49,R_1BnpmcJEpBkd08p,,,,,37.75099999999999766941982670687139034271240234375,-97.8220000000000027284841053187847137451171875,anonymous,EN,4,2,2,2,4,4,3,4,2,4,2,3,6
2022-04-07 19:41:44,2022-04-07 19:43:01,0,138.219.173.222,100,77,1,2022-04-07 19:43:01,R_1FqAojnjgJN5JbK,,,,,37.47919999999999873807610129006206989288330078125,-121.1644000000000005456968210637569427490234375,anonymous,EN,3,1,2,3,4,2,1,4,1,,3,2,6
2022-04-07 19:40:25,2022-04-07 19:43:51,0,208.218.224.138,100,205,1,2022-04-07 19:43:51,R_27kDOl7tFauGxca,,,,,40.80230000000000245563569478690624237060546875,-73.732900000000000773070496506989002227783203125,anonymous,EN,4,2,2,2,5,4,3,4,2,5,2,1,7
2022-04-07 19:41:14,2022-04-07 19:45:33,0,147.124.212.221,100,259,1,2022-04-07 19:45:33,R_enfVrrdHNbiFBUB,,,,,32.77669999999999816964191268198192119598388671875,-96.80500000000000682121026329696178436279296875,anonymous,EN,4,2,1,2,4,3,4,3,3,4,2,1,4
2022-04-07 19:43:29,2022-04-07 19:45:48,0,196.17.65.253,100,138,1,2022-04-07 19:45:48,R_Xj0ghSL95fWfJYZ,,,,,34.0544000000000011141310096718370914459228515625,-118.2441000000000030922819860279560089111328125,anonymous,EN,4,1,2,3,3,2,5,5,2,4,1,3,4
2022-04-07 19:45:22,2022-04-07 19:46:03,0,164.92.64.151,100,41,1,2022-04-07 19:46:04,R_3fW1uDzQWH6LZ29,,,,,37.39309999999999689634933019988238811492919921875,-121.9620000000000032969182939268648624420166015625,anonymous,EN,4,2,1,3,5,5,4,5,2,5,1,1,1
2022-04-07 19:45:35,2022-04-07 19:46:22,0,208.219.18.50,100,47,1,2022-04-07 19:46:22,R_22yKEIbNGhaNkOG,,,,,45.541100000000000136424205265939235687255859375,-122.5605000000000046611603465862572193145751953125,anonymous,EN,4,1,1,4,4,3,3,4,1,4,1,1,7
2022-04-07 19:47:10,2022-04-07 19:47:54,0,50.89.108.131,100,43,1,2022-04-07 19:47:54,R_2fiF8X6MaQgEaah,,,,,28.453800000000001091393642127513885498046875,-81.46739999999999781721271574497222900390625,anonymous,EN,4,1,2,3,5,4,5,5,1,5,1,3,7
2022-04-07 19:44:02,2022-04-07 19:48:06,0,208.195.25.75,100,243,1,2022-04-07 19:48:06,R_3qy40vtgmNG6OQA,,,,,37.75099999999999766941982670687139034271240234375,-97.8220000000000027284841053187847137451171875,anonymous,EN,4,2,1,2,5,4,5,5,2,5,1,3,6
2022-04-07 19:48:44,2022-04-07 19:49:27,0,138.219.172.9,100,43,1,2022-04-07 19:49:28,R_31jA6HSbuN8aRLD,,,,,37.47919999999999873807610129006206989288330078125,-121.1644000000000005456968210637569427490234375,anonymous,EN,3,1,2,4,3,4,5,4,1,4,3,2,6
2022-04-07 19:50:13,2022-04-07 19:50:51,0,138.219.173.141,100,38,1,2022-04-07 19:50:52,R_2w4vxmSQqdMCdlg,,,,,37.47919999999999873807610129006206989288330078125,-121.1644000000000005456968210637569427490234375,anonymous,EN,4,1,2,5,4,4,4,4,2,5,3,1,6
2022-04-07 19:49:56,2022-04-07 19:51:10,0,208.219.19.236,100,73,1,2022-04-07 19:51:10,R_3HuhJwj0nEwSm6l,,,,,45.541100000000000136424205265939235687255859375,-122.5605000000000046611603465862572193145751953125,anonymous,EN,4,2,2,3,4,5,4,4,,4,3,2,2
2022-04-07 19:46:42,2022-04-07 19:52:22,0,196.17.64.117,100,340,1,2022-04-07 19:52:23,R_1GylPtsiLGSdysg,,,,,34.0544000000000011141310096718370914459228515625,-118.2441000000000030922819860279560089111328125,anonymous,EN,4,"1,2",2,3,3,2,2,3,3,4,2,1,6
2022-04-07 19:52:35,2022-04-07 19:54:45,0,196.17.64.117,100,130,1,2022-04-07 19:54:45,R_3GlimETTN44PD6q,,,,,34.0544000000000011141310096718370914459228515625,-118.2441000000000030922819860279560089111328125,anonymous,EN,2,1,2,1,2,3,5,,1,5,1,1,6
2022-04-07 19:51:19,2022-04-07 19:54:54,0,192.241.149.148,100,214,1,2022-04-07 19:54:54,R_2uyWqRsmkDsPB2K,,,,,40.79299999999999926103555480949580669403076171875,-74.02469999999999572537490166723728179931640625,anonymous,EN,4,1,1,4,4,5,4,3,2,4,1,1,6
2022-04-07 19:55:06,2022-04-07 19:55:56,0,192.241.149.148,100,49,1,2022-04-07 19:55:56,R_3HGjSaG2IGMIBwJ,,,,,40.79299999999999926103555480949580669403076171875,-74.02469999999999572537490166723728179931640625,anonymous,EN,4,1,1,3,4,5,3,4,1,4,1,1,5
2022-04-07 19:55:35,2022-04-07 19:57:03,0,50.231.89.18,100,88,1,2022-04-07 19:57:04,R_RfTocX8z17cCyiJ,,,,,40.7265000000000014779288903810083866119384765625,-74.17820000000000391082721762359142303466796875,anonymous,EN,2,1,1,2,5,1,5,5,2,5,1,1,7
2022-04-07 19:55:40,2022-04-07 19:57:25,0,208.193.125.209,100,105,1,2022-04-07 19:57:25,R_RbnbmINwn71jiwx,,,,,30.543600000000001415401129634119570255279541015625,-89.6895999999999986584953148849308490753173828125,anonymous,EN,4,"1,2",2,2,5,4,5,4,,4,1,1,6
2022-04-07 19:55:39,2022-04-07 19:57:27,0,67.22.28.245,100,107,1,2022-04-07 19:57:27,R_NWiV7oK53fbDdqF,,,,,40.7956999999999965211827657185494899749755859375,-77.8618000000000023419488570652902126312255859375,anonymous,EN,4,2,1,1,1,1,5,5,2,5,2,4,2
2022-04-07 19:56:22,2022-04-07 19:58:15,0,98.34.126.171,100,112,1,2022-04-07 19:58:15,R_2YYsxPZ3QKhEPZ9,,,,,41.5412000000000034560798667371273040771484375,-88.05459999999999354258761741220951080322265625,anonymous,EN,4,2,2,4,4,3,5,5,1,4,2,3,6
2022-04-07 19:50:04,2022-04-07 19:59:05,0,46.173.244.71,100,540,1,2022-04-07 19:59:05,R_1rqsr1ULQTK36AA,,,,,39.018000000000000682121026329696178436279296875,-77.5390000000000014779288903810083866119384765625,anonymous,EN,4,1,1,5,4,4,3,4,1,4,1,2,5
2022-04-07 20:03:02,2022-04-07 20:04:21,0,143.198.159.42,100,79,1,2022-04-07 20:04:21,R_3J1NMpZJKLy2Not,,,,,37.39309999999999689634933019988238811492919921875,-121.9620000000000032969182939268648624420166015625,anonymous,EN,4,1,2,3,4,1,2,2,1,4,1,3,6
2022-04-07 19:59:02,2022-04-07 20:05:01,0,208.219.18.92,100,359,1,2022-04-07 20:05:01,R_1dzVJbLKfCkaLRk,,,,,45.541100000000000136424205265939235687255859375,-122.5605000000000046611603465862572193145751953125,anonymous,EN,4,2,1,3,2,1,4,5,2,4,1,1,6
2022-04-07 20:06:37,2022-04-07 20:08:19,0,208.218.224.38,100,101,1,2022-04-07 20:08:19,R_1ePgT77ob4zEPBE,,,,,40.80230000000000245563569478690624237060546875,-73.732900000000000773070496506989002227783203125,anonymous,EN,4,1,2,3,1,1,5,5,1,5,1,3,4
2022-04-07 20:06:33,2022-04-07 20:09:22,0,208.218.224.38,100,168,1,2022-04-07 20:09:22,R_2dvaCDnBikaBl4o,,,,,40.80230000000000245563569478690624237060546875,-73.732900000000000773070496506989002227783203125,anonymous,EN,4,2,2,3,1,1,5,5,2,5,1,3,4
2022-04-07 20:11:10,2022-04-07 20:13:18,0,196.16.108.187,100,128,1,2022-04-07 20:13:19,R_0cYpJHUiAk9j3sR,,,,,34.0544000000000011141310096718370914459228515625,-118.2441000000000030922819860279560089111328125,anonymous,EN,4,1,1,4,3,4,5,4,2,4,1,1,6
2022-04-07 20:13:19,2022-04-07 20:14:07,0,73.150.77.192,100,48,1,2022-04-07 20:14:08,R_3rJ6SDbILrNiqhf,,,,,40.430599999999998317434801720082759857177734375,-74.4020000000000010231815394945442676544189453125,anonymous,EN,4,2,2,5,4,2,4,4,1,5,1,1,4
2022-04-07 20:12:42,2022-04-07 20:14:19,0,208.219.19.49,100,97,1,2022-04-07 20:14:20,R_1odpQedVb6kb3Um,,,,,45.541100000000000136424205265939235687255859375,-122.5605000000000046611603465862572193145751953125,anonymous,EN,4,1,2,2,4,1,4,5,1,5,1,3,2
2022-04-07 20:12:26,2022-04-07 20:14:23,0,172.91.46.105,100,117,1,2022-04-07 20:14:23,R_1g5hbHjs5RWOBkU,,,,,34.41329999999999955662133288569748401641845703125,-118.09170000000000300133251585066318511962890625,anonymous,EN,4,2,1,2,1,1,5,5,2,5,3,1,1
2022-04-07 20:13:27,2022-04-07 20:14:25,0,172.58.156.189,100,57,1,2022-04-07 20:14:25,R_31Z1Km8VLT6bhiz,,,,,35.22959999999999780584403197281062602996826171875,-80.8430000000000035242919693700969219207763671875,anonymous,EN,4,2,2,5,1,1,5,5,2,5,2,2,1
2022-04-07 20:13:01,2022-04-07 20:14:44,0,73.71.36.100,100,102,1,2022-04-07 20:14:44,R_1cRPWBBi1ZxLeHM,,,,,38.10249999999999914734871708787977695465087890625,-122.213200000000000500222085975110530853271484375,anonymous,EN,4,2,1,4,2,1,5,5,1,5,2,3,6
2022-04-07 20:13:57,2022-04-07 20:14:53,0,196.16.111.71,100,55,1,2022-04-07 20:14:53,R_2y7bQ3D80p74kmd,,,,,34.0544000000000011141310096718370914459228515625,-118.2441000000000030922819860279560089111328125,anonymous,EN,4,2,1,3,3,4,5,5,1,4,1,3,6
2022-04-07 20:12:34,2022-04-07 20:14:58,0,208.218.226.95,100,144,1,2022-04-07 20:14:58,R_1guQzH1pC4i7wBY,,,,,40.80230000000000245563569478690624237060546875,-73.732900000000000773070496506989002227783203125,anonymous,EN,4,1,1,1,4,4,5,5,1,4,1,1,6
2022-04-07 20:13:51,2022-04-07 20:15:10,0,45.150.223.207,100,78,1,2022-04-07 20:15:10,R_2v84hFee83oMqrc,,,,,39.018000000000000682121026329696178436279296875,-77.5390000000000014779288903810083866119384765625,anonymous,EN,2,2,1,3,4,3,5,4,1,5,1,1,6
2022-04-07 20:13:59,2022-04-07 20:15:13,0,208.218.228.33,100,74,1,2022-04-07 20:15:14,R_1ilE4HzDN3nof9R,,,,,40.5174999999999982946974341757595539093017578125,-74.399100000000004229150363244116306304931640625,anonymous,EN,4,1,2,3,2,1,4,5,3,4,1,1,3
2022-04-07 20:14:24,2022-04-07 20:15:41,0,45.43.71.106,100,77,1,2022-04-07 20:15:46,R_2ByNqVucWFUo9rj,,,,,51.5095000000000027284841053187847137451171875,-0.0955000000000000015543122344752191565930843353271484375,anonymous,EN,4,2,2,3,4,1,4,4,2,5,3,1,3
2022-04-07 20:14:40,2022-04-07 20:15:46,0,208.219.19.49,100,66,1,2022-04-07 20:15:46,R_2fldxzxBHSmuvTi,,,,,45.541100000000000136424205265939235687255859375,-122.5605000000000046611603465862572193145751953125,anonymous,EN,3,1,2,2,4,1,4,4,3,4,2,3,2
2022-04-07 20:15:01,2022-04-07 20:15:51,0,196.16.111.71,100,49,1,2022-04-07 20:15:51,R_20N0cIRzyw01AZD,,,,,34.0544000000000011141310096718370914459228515625,-118.2441000000000030922819860279560089111328125,anonymous,EN,4,2,1,3,4,5,4,4,1,5,1,3,6
2022-04-07 20:12:17,2022-04-07 20:16:02,0,76.185.69.221,100,224,1,2022-04-07 20:16:02,R_2e2TUnhXUjRub5w,,,,,32.71849999999999880628820392303168773651123046875,-97.1431999999999931105776340700685977935791015625,anonymous,EN,"3,4",1,2,2,4,4,4,4,1,4,1,3,6
2022-04-07 20:15:15,2022-04-07 20:16:03,0,208.218.227.248,100,48,1,2022-04-07 20:16:04,R_3noWAIcjuAjxMto,,,,,40.80230000000000245563569478690624237060546875,-73.732900000000000773070496506989002227783203125,anonymous,EN,3,1,1,4,3,4,3,3,1,3,2,1,5
2022-04-07 20:15:15,2022-04-07 20:16:47,0,196.16.110.221,100,91,1,2022-04-07 20:16:47,R_1CKDTslklbHmZes,,,,,34.0544000000000011141310096718370914459228515625,-118.2441000000000030922819860279560089111328125,anonymous,EN,4,1,1,3,5,4,4,4,2,4,1,3,6
2022-04-07 20:15:31,2022-04-07 20:16:54,0,154.30.7.120,100,83,1,2022-04-07 20:16:54,R_1pnHjUUSMtqF3tv,,,,,41.66960000000000263753463514149188995361328125,-93.5716000000000036607161746360361576080322265625,anonymous,EN,4,2,1,4,3,1,5,5,2,1,2,1,6
2022-04-07 20:16:18,2022-04-07 20:16:56,0,45.43.71.73,100,38,1,2022-04-07 20:16:57,R_2dQ6w5yEMSIX7PG,,,,,51.5095000000000027284841053187847137451171875,-0.0955000000000000015543122344752191565930843353271484375,anonymous,EN,4,2,2,3,4,1,4,4,2,5,3,1,3
2022-04-07 20:16:21,2022-04-07 20:17:01,0,208.218.227.248,100,40,1,2022-04-07 20:17:02,R_2Vgq1aF01uAmmA3,,,,,40.80230000000000245563569478690624237060546875,-73.732900000000000773070496506989002227783203125,anonymous,EN,4,1,1,2,2,4,3,4,1,4,2,3,5
2022-04-07 20:13:09,2022-04-07 20:17:02,0,196.17.65.117,100,232,1,2022-04-07 20:17:02,R_2QSeJY5UFKWv8XK,,,,,34.0544000000000011141310096718370914459228515625,-118.2441000000000030922819860279560089111328125,anonymous,EN,4,2,1,2,5,3,5,4,3,4,1,1,7
2022-04-07 20:16:16,2022-04-07 20:17:03,0,76.185.69.221,100,46,1,2022-04-07 20:17:03,R_6FLmMTHsgB8mm89,,,,,32.71849999999999880628820392303168773651123046875,-97.1431999999999931105776340700685977935791015625,anonymous,EN,2,1,2,3,4,3,4,4,2,4,2,3,5
2022-04-07 20:15:16,2022-04-07 20:17:45,0,208.218.226.95,100,148,1,2022-04-07 20:17:45,R_2R2C2jncRDqgN4g,,,,,40.80230000000000245563569478690624237060546875,-73.732900000000000773070496506989002227783203125,anonymous,EN,3,1,1,4,4,4,4,4,2,4,2,1,1
2022-04-07 20:16:51,2022-04-07 20:18:12,0,196.16.110.221,100,80,1,2022-04-07 20:18:12,R_1HplH0p9Sx6KMvF,,,,,34.0544000000000011141310096718370914459228515625,-118.2441000000000030922819860279560089111328125,anonymous,EN,4,2,1,3,2,1,5,5,2,1,1,3,6
2022-04-07 20:17:05,2022-04-07 20:18:15,0,154.30.7.120,100,70,1,2022-04-07 20:18:15,R_XQVraMzR4G1hBWp,,,,,41.66960000000000263753463514149188995361328125,-93.5716000000000036607161746360361576080322265625,anonymous,EN,4,2,1,4,4,1,4,5,3,3,1,1,6
2022-04-07 20:17:49,2022-04-07 20:19:36,0,72.46.59.45,100,107,1,2022-04-07 20:19:36,R_XgCpmeWFZ6g0Tnj,,,,,42.80619999999999691908669774420559406280517578125,-100.621499999999997498889570124447345733642578125,anonymous,EN,4,2,1,3,1,2,5,3,1,4,2,3,7
2022-04-07 20:17:17,2022-04-07 20:19:58,0,208.218.225.223,100,160,1,2022-04-07 20:19:58,R_z2vni4sJLtCOSlz,,,,,40.80230000000000245563569478690624237060546875,-73.732900000000000773070496506989002227783203125,anonymous,EN,3,1,2,5,4,1,5,4,1,5,1,1,2
2022-04-07 20:19:50,2022-04-07 20:20:39,0,196.18.224.112,100,48,1,2022-04-07 20:20:40,R_2e3I2DBwxFOn49r,,,,,39.102699999999998681232682429254055023193359375,-94.577799999999996316546457819640636444091796875,anonymous,EN,4,1,1,4,4,5,4,4,1,5,1,1,7
2022-04-07 20:19:16,2022-04-07 20:20:48,0,204.10.239.206,100,91,1,2022-04-07 20:20:48,R_1OjINfh0CRk3mk3,,,,,38.94769999999999754436430521309375762939453125,-95.58490000000000463842297904193401336669921875,anonymous,EN,3,1,1,2,4,5,5,4,2,5,1,3,7
2022-04-07 20:19:55,2022-04-07 20:21:18,0,174.247.10.108,100,82,1,2022-04-07 20:21:18,R_1QsIvYHOYbk89YF,,,,,35.91449999999999675992512493394315242767333984375,-78.9224999999999994315658113919198513031005859375,anonymous,EN,3,1,1,5,4,4,1,3,1,4,1,3,6
2022-04-07 20:20:38,2022-04-07 20:21:28,0,208.221.76.36,100,50,1,2022-04-07 20:21:28,R_1Ns5FeNCsdQ5nsQ,,,,,45.541100000000000136424205265939235687255859375,-122.5605000000000046611603465862572193145751953125,anonymous,EN,3,2,1,3,4,3,5,4,1,4,1,2,7
2022-04-07 20:20:57,2022-04-07 20:22:01,0,204.10.239.206,100,63,1,2022-04-07 20:22:01,R_3FIiuPUekLz2XgU,,,,,38.94769999999999754436430521309375762939453125,-95.58490000000000463842297904193401336669921875,anonymous,EN,3,2,1,3,4,4,5,5,2,5,1,3,5
2022-04-07 20:18:08,2022-04-07 20:22:02,0,47.211.222.116,100,234,1,2022-04-07 20:22:02,R_DejnrDDf135cOid,,,,,30.81830000000000069348971010185778141021728515625,-96.30889999999999417923390865325927734375,anonymous,EN,4,2,1,1,3,1,5,4,1,3,2,2,4
2022-04-07 20:21:31,2022-04-07 20:22:14,0,73.241.89.145,100,43,1,2022-04-07 20:22:14,R_6xJWf6K7s6hqObf,,,,,37.70450000000000301270119962282478809356689453125,-122.0742000000000047066350816749036312103271484375,anonymous,EN,3,1,2,2,4,5,4,5,1,4,1,2,7
2022-04-07 20:21:38,2022-04-07 20:22:38,0,208.221.76.36,100,59,1,2022-04-07 20:22:38,R_1nYOJSfzY7nB6jl,,,,,45.541100000000000136424205265939235687255859375,-122.5605000000000046611603465862572193145751953125,anonymous,EN,3,"1,2",1,3,3,3,3,3,2,4,1,3,7
2022-04-07 20:24:15,2022-04-07 20:24:49,0,208.219.18.229,100,33,1,2022-04-07 20:24:49,R_3lWBRqmICPQlOkd,,,,,45.541100000000000136424205265939235687255859375,-122.5605000000000046611603465862572193145751953125,anonymous,EN,3,2,2,4,3,5,4,5,1,5,1,1,7
2022-04-07 20:20:10,2022-04-07 20:24:59,0,208.218.226.95,100,289,1,2022-04-07 20:25:00,R_1kMsNTzWYRMkeFQ,,,,,40.80230000000000245563569478690624237060546875,-73.732900000000000773070496506989002227783203125,anonymous,EN,3,2,1,4,2,2,4,4,2,4,1,1,7
2022-04-07 20:22:43,2022-04-07 20:25:19,0,207.135.195.73,100,155,1,2022-04-07 20:25:20,R_28ZZJdJpWats4sU,,,,,29.830400000000000915179043659009039402008056640625,-95.37860000000000582076609134674072265625,anonymous,EN,4,1,2,2,4,3,5,4,2,4,2,3,6
2022-04-07 20:24:10,2022-04-07 20:25:25,0,71.89.160.169,100,74,1,2022-04-07 20:25:25,R_2ayOPA4tP782BYC,,,,,42.29099999999999681676854379475116729736328125,-85.6341000000000036607161746360361576080322265625,anonymous,EN,4,2,2,4,3,3,5,5,1,5,2,1,2
2022-04-07 20:24:09,2022-04-07 20:25:28,0,128.92.250.226,100,79,1,2022-04-07 20:25:28,R_1LYySkmSHwXsihA,,,,,34.5825999999999993406163412146270275115966796875,-117.424000000000006593836587853729724884033203125,anonymous,EN,4,2,2,3,4,2,3,4,2,4,1,1,3
2022-04-07 20:25:16,2022-04-07 20:27:01,0,45.150.223.4,100,104,1,2022-04-07 20:27:01,R_2wGr80sAloqaFo6,,,,,39.018000000000000682121026329696178436279296875,-77.5390000000000014779288903810083866119384765625,anonymous,EN,4,1,1,3,3,2,4,3,3,4,1,1,6
2022-04-07 20:25:58,2022-04-07 20:27:20,0,208.218.227.152,100,81,1,2022-04-07 20:27:20,R_1j808Ch9SHkD7FT,,,,,40.80230000000000245563569478690624237060546875,-73.732900000000000773070496506989002227783203125,anonymous,EN,4,1,1,4,3,4,4,3,1,4,1,1,6
2022-04-07 20:26:12,2022-04-07 20:27:39,0,208.218.226.95,100,87,1,2022-04-07 20:27:40,R_2EfKuZ8Cxeb7W1l,,,,,40.80230000000000245563569478690624237060546875,-73.732900000000000773070496506989002227783203125,anonymous,EN,4,2,1,4,1,1,4,4,2,5,3,1,7
2022-04-07 20:26:55,2022-04-07 20:27:46,0,45.42.190.78,100,51,1,2022-04-07 20:27:46,R_3lQznMMYkBo2zdk,,,,,38.8864999999999980673237587325274944305419921875,-77.0910999999999972942532622255384922027587890625,anonymous,EN,4,2,1,2,5,4,4,5,2,5,1,2,6
2022-04-07 20:25:58,2022-04-07 20:28:30,0,208.218.231.109,100,152,1,2022-04-07 20:28:30,R_271e16ZQeShqmwI,,,,,39.97030000000000171667124959640204906463623046875,-75.061700000000001864464138634502887725830078125,anonymous,EN,4,2,1,3,3,1,3,2,3,4,1,2,6
2022-04-07 20:27:47,2022-04-07 20:28:57,0,106.197.90.36,100,69,1,2022-04-07 20:28:57,R_1gnF4aF19npCLYi,,,,,10.0309000000000008157030606525950133800506591796875,77.4766000000000047975845518521964550018310546875,anonymous,EN,4,1,1,3,4,3,4,3,2,4,2,2,4
2022-04-07 20:27:31,2022-04-07 20:28:57,0,208.218.227.152,100,85,1,2022-04-07 20:28:57,R_1iqY8kl5Wvyw9Ge,,,,,40.80230000000000245563569478690624237060546875,-73.732900000000000773070496506989002227783203125,anonymous,EN,4,1,1,3,3,4,4,4,2,4,1,1,6
2022-04-07 20:24:54,2022-04-07 20:29:20,0,185.186.62.79,100,265,1,2022-04-07 20:29:20,R_1JEqFiQmbXm8FIl,,,,,34.0544000000000011141310096718370914459228515625,-118.243999999999999772626324556767940521240234375,anonymous,EN,4,2,2,2,3,4,5,4,2,4,1,3,5
2022-04-07 20:24:48,2022-04-07 20:29:22,0,185.186.61.250,100,273,1,2022-04-07 20:29:22,R_2xGdM8MxZNyJbaP,,,,,34.0544000000000011141310096718370914459228515625,-118.243999999999999772626324556767940521240234375,anonymous,EN,4,2,2,2,3,4,5,4,2,4,1,3,5
2022-04-07 20:28:55,2022-04-07 20:29:51,0,208.218.231.109,100,56,1,2022-04-07 20:29:51,R_1dmje9PRFqS0PNc,,,,,39.97030000000000171667124959640204906463623046875,-75.061700000000001864464138634502887725830078125,anonymous,EN,4,2,1,3,1,2,1,1,3,2,1,1,3
2022-04-07 20:26:06,2022-04-07 20:29:52,0,208.218.226.95,100,226,1,2022-04-07 20:29:53,R_1DRWWCLupuqKI9O,,,,,40.80230000000000245563569478690624237060546875,-73.732900000000000773070496506989002227783203125,anonymous,EN,4,1,1,4,4,4,1,1,2,1,1,1,5
2022-04-07 20:30:13,2022-04-07 20:31:14,0,208.218.231.109,100,61,1,2022-04-07 20:31:16,R_3dPQKbzrQBt9JBp,,,,,39.97030000000000171667124959640204906463623046875,-75.061700000000001864464138634502887725830078125,anonymous,EN,3,2,2,3,2,1,5,4,1,2,1,3,2
2022-04-07 20:30:34,2022-04-07 20:32:23,0,196.16.110.183,100,108,1,2022-04-07 20:32:23,R_2V1Ml3zE9AkrZIk,,,,,34.0544000000000011141310096718370914459228515625,-118.2441000000000030922819860279560089111328125,anonymous,EN,"3,4",2,2,5,2,1,5,4,2,5,1,1,7
2022-04-07 20:30:17,2022-04-07 20:32:26,0,208.207.179.171,100,129,1,2022-04-07 20:32:27,R_1P8gICUTkO3JjfZ,,,,,40.59779999999999944293449516408145427703857421875,-74.000100000000003319655661471188068389892578125,anonymous,EN,4,2,2,2,4,4,3,4,2,4,2,3,6
2022-04-07 20:30:21,2022-04-07 20:32:30,0,185.186.62.79,100,128,1,2022-04-07 20:32:30,R_3nBDJ28OBcQ3v29,,,,,34.0544000000000011141310096718370914459228515625,-118.243999999999999772626324556767940521240234375,anonymous,EN,4,2,2,2,4,5,4,5,1,4,2,3,3
2022-04-07 20:29:40,2022-04-07 20:32:33,0,185.186.61.250,100,172,1,2022-04-07 20:32:33,R_dnUTd2S0eSG2VSV,,,,,34.0544000000000011141310096718370914459228515625,-118.243999999999999772626324556767940521240234375,anonymous,EN,4,2,2,2,4,5,4,5,1,4,2,3,3
2022-04-07 20:22:14,2022-04-07 20:32:39,0,204.10.239.206,100,624,1,2022-04-07 20:32:39,R_4HpCud0oz6KrT6F,,,,,38.94769999999999754436430521309375762939453125,-95.58490000000000463842297904193401336669921875,anonymous,EN,3,2,1,3,4,5,5,5,2,4,1,1,4
2022-04-07 20:32:54,2022-04-07 20:33:53,0,208.219.18.253,100,58,1,2022-04-07 20:33:53,R_31RxLF5vuOjGfes,,,,,45.541100000000000136424205265939235687255859375,-122.5605000000000046611603465862572193145751953125,anonymous,EN,3,1,2,3,3,4,4,4,1,3,1,1,5
2022-04-07 20:32:22,2022-04-07 20:34:38,0,196.16.111.78,100,135,1,2022-04-07 20:34:38,R_8f82lsrJ5rIviBr,,,,,34.0544000000000011141310096718370914459228515625,-118.2441000000000030922819860279560089111328125,anonymous,EN,4,2,1,1,4,4,3,3,1,4,1,3,7
2022-04-07 20:34:38,2022-04-07 20:35:50,0,24.119.136.240,100,72,1,2022-04-07 20:35:51,R_231eWV74X0GiQBG,,,,,34.59259999999999735109668108634650707244873046875,-112.423799999999999954525264911353588104248046875,anonymous,EN,4,2,1,4,1,1,5,4,1,5,3,2,4
2022-04-07 20:35:10,2022-04-07 20:35:52,0,208.219.18.253,100,41,1,2022-04-07 20:35:52,R_25N5E9vwIwYqlaE,,,,,45.541100000000000136424205265939235687255859375,-122.5605000000000046611603465862572193145751953125,anonymous,EN,3,1,2,3,3,4,3,4,3,3,2,1,5
2022-04-07 20:34:35,2022-04-07 20:35:53,0,172.243.217.58,100,77,1,2022-04-07 20:35:53,R_2yrNd65gnwT9Nj6,,,,,29.156400000000001426769813406281173229217529296875,-98.909099999999995134203345514833927154541015625,anonymous,EN,4,2,1,2,3,4,5,3,1,3,2,3,6
2022-04-07 20:29:40,2022-04-07 20:36:50,0,196.16.111.109,100,429,1,2022-04-07 20:36:50,R_1rrBWnM1f0TQGKd,,,,,34.0544000000000011141310096718370914459228515625,-118.2441000000000030922819860279560089111328125,anonymous,EN,4,2,2,3,4,3,5,5,1,4,1,1,7
2022-04-07 20:37:15,2022-04-07 20:38:30,0,208.203.222.166,100,75,1,2022-04-07 20:38:30,R_1gzJdb6SGIHJbiO,,,,,40.94760000000000133013600134290754795074462890625,-73.8623999999999938381733954884111881256103515625,anonymous,EN,4,2,1,2,2,1,5,4,3,5,1,1,6
2022-04-07 20:30:32,2022-04-07 20:38:42,0,208.195.31.209,100,489,1,2022-04-07 20:38:42,R_1OZUcN1dOppZeeM,,,,,37.75099999999999766941982670687139034271240234375,-97.8220000000000027284841053187847137451171875,anonymous,EN,4,2,2,3,4,3,4,4,2,4,1,3,3
2022-04-07 20:39:38,2022-04-07 20:41:06,0,45.150.223.216,100,88,1,2022-04-07 20:41:06,R_2dtMW5GGWbWePhy,,,,,39.018000000000000682121026329696178436279296875,-77.5390000000000014779288903810083866119384765625,anonymous,EN,4,1,1,2,4,1,5,1,1,5,2,1,6
2022-04-07 20:42:47,2022-04-07 20:44:54,0,208.218.229.55,100,126,1,2022-04-07 20:44:54,R_1j8H2hFBzzIiFA1,,,,,40.5174999999999982946974341757595539093017578125,-74.399100000000004229150363244116306304931640625,anonymous,EN,4,1,1,2,4,3,4,4,1,4,1,3,2
2022-04-07 20:45:07,2022-04-07 20:46:38,0,208.218.229.55,100,90,1,2022-04-07 20:46:38,R_ulHm9r1dV7Nudu9,,,,,40.5174999999999982946974341757595539093017578125,-74.399100000000004229150363244116306304931640625,anonymous,EN,3,1,1,2,4,3,3,4,2,3,2,2,6
2022-04-07 20:46:05,2022-04-07 20:46:48,0,207.246.113.200,100,43,1,2022-04-07 20:46:48,R_1jfgVW2ScT2AzGW,,,,,25.81190000000000139834810397587716579437255859375,-80.2318000000000068894223659299314022064208984375,anonymous,EN,4,2,2,1,4,5,5,4,2,4,2,1,6
2022-04-07 20:46:46,2022-04-07 20:47:40,0,208.218.229.55,100,53,1,2022-04-07 20:47:41,R_31SoBtzBFWk8g0V,,,,,40.5174999999999982946974341757595539093017578125,-74.399100000000004229150363244116306304931640625,anonymous,EN,3,1,1,2,4,3,3,4,2,3,2,2,1
2022-04-07 20:44:34,2022-04-07 20:53:06,0,216.250.248.231,100,512,1,2022-04-07 20:53:07,R_2ronpCiCnqBEoFb,,,,,40.83129999999999881765688769519329071044921875,-91.1851999999999947021933621726930141448974609375,anonymous,EN,4,2,2,2,4,4,4,4,,4,1,1,2
2022-04-07 20:52:31,2022-04-07 20:53:20,0,196.17.64.37,100,49,1,2022-04-07 20:53:21,R_1rHa7wMOkdEdVZO,,,,,34.0544000000000011141310096718370914459228515625,-118.2441000000000030922819860279560089111328125,anonymous,EN,4,1,1,3,4,5,4,3,1,4,1,1,6
2022-04-07 20:53:17,2022-04-07 20:54:05,0,216.250.248.231,100,47,1,2022-04-07 20:54:05,R_2SuTNM8A8MdP7Zp,,,,,40.83129999999999881765688769519329071044921875,-91.1851999999999947021933621726930141448974609375,anonymous,EN,4,2,2,2,4,4,4,4,1,4,2,1,2
2022-04-07 20:51:55,2022-04-07 20:54:48,0,207.246.115.210,100,173,1,2022-04-07 20:54:48,R_2rI749O2ePNrgOc,,,,,25.81190000000000139834810397587716579437255859375,-80.2318000000000068894223659299314022064208984375,anonymous,EN,4,2,1,3,3,2,4,3,2,4,2,1,4
2022-04-07 20:55:45,2022-04-07 20:59:11,0,196.17.64.136,100,205,1,2022-04-07 20:59:11,R_21BpeXQLDxCjv29,,,,,34.0544000000000011141310096718370914459228515625,-118.2441000000000030922819860279560089111328125,anonymous,EN,4,2,1,2,4,2,4,5,2,5,1,2,2
2022-04-07 20:59:35,2022-04-07 21:00:16,0,196.16.111.71,100,40,1,2022-04-07 21:00:16,R_2cjgMMZI1Ts1ZYa,,,,,34.0544000000000011141310096718370914459228515625,-118.2441000000000030922819860279560089111328125,anonymous,EN,3,1,1,3,3,4,5,4,1,4,1,3,7
2022-04-07 20:59:56,2022-04-07 21:01:53,0,161.35.53.215,100,117,1,2022-04-07 21:01:54,R_1l5EHjHzA8BaQyr,,,,,40.79299999999999926103555480949580669403076171875,-74.02469999999999572537490166723728179931640625,anonymous,EN,4,2,1,3,4,2,4,4,1,4,2,1,6
2022-04-07 21:02:27,2022-04-07 21:03:43,0,74.129.43.213,100,75,1,2022-04-07 21:03:43,R_2PnjeXTKHg73nay,,,,,37.9605999999999994543031789362430572509765625,-87.53329999999999699866748414933681488037109375,anonymous,EN,4,2,2,2,4,3,5,4,1,4,1,1,6
2022-04-07 21:02:32,2022-04-07 21:05:14,0,157.52.175.41,100,161,1,2022-04-07 21:05:14,R_9otRFwJjzjSssff,,,,,45.52420000000000044337866711430251598358154296875,-122.6684000000000054342308430932462215423583984375,anonymous,EN,4,1,2,3,2,1,3,2,2,4,2,1,5
2022-04-07 21:05:23,2022-04-07 21:06:17,0,157.52.175.41,100,54,1,2022-04-07 21:06:18,R_pSl6R27vqeC5m2R,,,,,45.52420000000000044337866711430251598358154296875,-122.6684000000000054342308430932462215423583984375,anonymous,EN,4,2,2,3,3,2,4,3,2,4,1,1,6
2022-04-07 21:09:45,2022-04-07 21:11:24,0,208.218.229.55,100,98,1,2022-04-07 21:11:24,R_2aEttY6gTuTuiOS,,,,,40.5174999999999982946974341757595539093017578125,-74.399100000000004229150363244116306304931640625,anonymous,EN,2,1,1,3,5,5,5,5,3,5,1,1,1
2022-04-07 21:12:59,2022-04-07 21:15:34,0,23.82.140.213,100,154,1,2022-04-07 21:15:34,R_2c8jn3mK7q90xzl,,,,,25.7640999999999991132426657713949680328369140625,-80.2702000000000026602720026858150959014892578125,anonymous,EN,4,2,2,3,1,1,5,5,3,5,2,2,6
2022-04-07 21:14:57,2022-04-07 21:15:45,0,172.107.33.46,100,48,1,2022-04-07 21:15:46,R_2rJIX5nIpmfR4dB,,,,,29.8378000000000014324541552923619747161865234375,-82.612899999999996225596987642347812652587890625,anonymous,EN,4,1,1,3,4,3,2,4,1,4,2,1,6
2022-04-07 21:14:32,2022-04-07 21:16:09,0,208.218.230.216,100,96,1,2022-04-07 21:16:09,R_2XojiHCULC1Anqn,,,,,39.97030000000000171667124959640204906463623046875,-75.061700000000001864464138634502887725830078125,anonymous,EN,4,2,2,3,2,1,5,5,3,5,1,3,4
2022-04-07 21:14:25,2022-04-07 21:17:01,0,208.218.230.216,100,155,1,2022-04-07 21:17:01,R_323DyzlhAWQe1Bx,,,,,39.97030000000000171667124959640204906463623046875,-75.061700000000001864464138634502887725830078125,anonymous,EN,4,2,2,3,2,2,5,5,1,5,1,3,7
2022-04-07 21:14:45,2022-04-07 21:17:21,0,45.32.172.223,100,156,1,2022-04-07 21:17:21,R_3q7jrpsxddP1xqz,,,,,25.81190000000000139834810397587716579437255859375,-80.2318000000000068894223659299314022064208984375,anonymous,EN,4,2,1,1,4,4,4,3,1,4,1,1,4
2022-04-07 21:18:13,2022-04-07 21:18:31,0,208.218.224.237,100,17,1,2022-04-07 21:18:31,R_78R6bVISHSRQDG9,,,,,40.80230000000000245563569478690624237060546875,-73.732900000000000773070496506989002227783203125,anonymous,EN,1,,,,,,,,,,,,
2022-04-07 21:16:59,2022-04-07 21:19:19,0,208.218.224.11,100,140,1,2022-04-07 21:19:19,R_QnQTVlYqMzVF3Dr,,,,,40.80230000000000245563569478690624237060546875,-73.732900000000000773070496506989002227783203125,anonymous,EN,4,2,1,3,3,2,3,4,3,3,1,1,4
2022-04-07 21:19:32,2022-04-07 21:20:21,0,208.218.224.11,100,48,1,2022-04-07 21:20:21,R_3J46WPWW9MSJQcP,,,,,40.80230000000000245563569478690624237060546875,-73.732900000000000773070496506989002227783203125,anonymous,EN,4,2,1,3,3,4,4,5,3,3,1,1,5
2022-04-07 21:20:53,2022-04-07 21:21:54,0,199.83.210.192,100,60,1,2022-04-07 21:21:54,R_2fGKBaC1M0txMkW,,,,,40.992199999999996862243278883397579193115234375,-73.9748000000000018872015061788260936737060546875,anonymous,EN,4,2,2,3,4,2,4,5,1,4,2,3,2
2022-04-07 21:21:28,2022-04-07 21:22:38,0,208.218.224.11,100,69,1,2022-04-07 21:22:38,R_3r3cPInlmS7wom1,,,,,40.80230000000000245563569478690624237060546875,-73.732900000000000773070496506989002227783203125,anonymous,EN,4,1,1,2,3,4,4,5,3,4,1,1,3
2022-04-07 21:22:43,2022-04-07 21:24:53,0,208.99.102.78,100,130,1,2022-04-07 21:24:54,R_O7k89yvwPh16es1,,,,,34.921300000000002228262019343674182891845703125,-85.1486000000000018417267710901796817779541015625,anonymous,EN,4,2,2,3,5,4,5,4,2,5,1,1,6
2022-04-07 21:24:24,2022-04-07 21:25:54,0,163.123.220.132,100,89,1,2022-04-07 21:25:54,R_qX6GVQ6tIsJcxvb,,,,,40.9029000000000024783730623312294483184814453125,-73.858800000000002228262019343674182891845703125,anonymous,EN,4,2,1,2,5,5,3,5,1,5,2,3,1
2022-04-07 21:25:09,2022-04-07 21:26:23,0,208.99.102.78,100,74,1,2022-04-07 21:26:24,R_2tnhYV5H96i1LqY,,,,,34.921300000000002228262019343674182891845703125,-85.1486000000000018417267710901796817779541015625,anonymous,EN,4,1,2,3,4,5,4,5,1,4,1,1,6
2022-04-07 21:22:39,2022-04-07 21:27:06,0,178.212.191.229,100,266,1,2022-04-07 21:27:06,R_9uEK6FbkQfsVdhn,,,,,39.018000000000000682121026329696178436279296875,-77.5390000000000014779288903810083866119384765625,anonymous,EN,4,2,1,2,4,1,4,5,2,4,1,2,6
2022-04-07 21:27:59,2022-04-07 21:29:05,0,208.218.229.11,100,66,1,2022-04-07 21:29:05,R_2pWYI3wkgayJdaI,,,,,40.5174999999999982946974341757595539093017578125,-74.399100000000004229150363244116306304931640625,anonymous,EN,2,1,2,3,3,4,4,5,2,4,1,2,6
2022-04-07 21:34:36,2022-04-07 21:35:16,0,208.218.228.82,100,39,1,2022-04-07 21:35:16,R_3I6vjiy47R7ftB4,,,,,40.5174999999999982946974341757595539093017578125,-74.399100000000004229150363244116306304931640625,anonymous,EN,2,1,1,4,3,3,4,4,3,4,2,1,6
2022-04-07 21:35:07,2022-04-07 21:37:08,0,208.218.227.212,100,120,1,2022-04-07 21:37:08,R_12RxQGCWnrRGD8d,,,,,40.80230000000000245563569478690624237060546875,-73.732900000000000773070496506989002227783203125,anonymous,EN,4,1,2,3,3,1,4,4,3,3,2,3,4
2022-04-07 21:37:56,2022-04-07 21:38:52,0,98.196.134.78,100,56,1,2022-04-07 21:38:52,R_PFYG7kA9euNwMH7,,,,,29.665400000000001767830326571129262447357177734375,-95.724500000000006139089236967265605926513671875,anonymous,EN,4,1,2,2,4,3,4,5,1,4,1,3,6
2022-04-07 21:34:34,2022-04-07 21:40:36,0,196.17.64.253,100,362,1,2022-04-07 21:40:37,R_yRdlG9aeUYdJyNP,,,,,34.0544000000000011141310096718370914459228515625,-118.2441000000000030922819860279560089111328125,anonymous,EN,4,1,1,2,3,4,4,3,2,4,1,1,5
2022-04-07 21:36:14,2022-04-07 21:42:20,0,147.124.214.50,100,365,1,2022-04-07 21:42:20,R_1Qhjxog8eVselZD,,,,,32.77669999999999816964191268198192119598388671875,-96.80500000000000682121026329696178436279296875,anonymous,EN,4,2,1,3,4,3,4,3,2,4,1,1,7
2022-04-07 21:47:45,2022-04-07 21:48:59,0,208.218.231.91,100,73,1,2022-04-07 21:48:59,R_3IbhyuoXi4sHGBo,,,,,39.97030000000000171667124959640204906463623046875,-75.061700000000001864464138634502887725830078125,anonymous,EN,4,2,2,3,4,5,4,5,2,4,1,1,6
2022-04-07 21:43:58,2022-04-07 21:48:59,0,208.218.224.24,100,301,1,2022-04-07 21:48:59,R_3r1ysoxEaf4ixdo,,,,,40.80230000000000245563569478690624237060546875,-73.732900000000000773070496506989002227783203125,anonymous,EN,4,,2,2,4,1,5,5,2,4,1,1,1
2022-04-07 21:49:07,2022-04-07 21:49:38,0,208.218.231.91,100,30,1,2022-04-07 21:49:38,R_2S84dAUcmsuUizn,,,,,39.97030000000000171667124959640204906463623046875,-75.061700000000001864464138634502887725830078125,anonymous,EN,4,2,2,3,4,4,5,4,1,4,1,1,6
2022-04-07 21:49:44,2022-04-07 21:50:34,0,208.218.231.91,100,50,1,2022-04-07 21:50:34,R_2tnESshT1F761lw,,,,,39.97030000000000171667124959640204906463623046875,-75.061700000000001864464138634502887725830078125,anonymous,EN,4,2,2,3,4,4,4,4,1,4,1,2,6
2022-04-07 21:50:06,2022-04-07 21:51:04,0,208.219.19.105,100,58,1,2022-04-07 21:51:05,R_9v6rwYEIGr42UOR,,,,,45.541100000000000136424205265939235687255859375,-122.5605000000000046611603465862572193145751953125,anonymous,EN,3,1,2,3,4,3,4,3,2,4,2,2,6
2022-04-07 21:50:49,2022-04-07 21:51:33,0,49.204.141.203,100,43,1,2022-04-07 21:51:33,R_C2HEzLSO50BUmCB,,,,,12.89959999999999951114659779705107212066650390625,80.220900000000000318323145620524883270263671875,anonymous,EN,4,2,2,3,4,3,4,5,1,4,1,2,2
2022-04-07 21:51:44,2022-04-07 21:52:47,0,107.180.134.250,100,62,1,2022-04-07 21:52:48,R_6MdkR7fS5UtVND3,,,,,39.04690000000000082991391536779701709747314453125,-77.4903000000000048430592869408428668975830078125,anonymous,EN,4,2,1,2,4,4,3,4,2,4,1,3,5
2022-04-07 21:57:07,2022-04-07 21:59:01,0,208.218.228.177,100,113,1,2022-04-07 21:59:01,R_3KZcdepAq3hUVl3,,,,,40.5174999999999982946974341757595539093017578125,-74.399100000000004229150363244116306304931640625,anonymous,EN,4,2,1,3,5,4,4,4,3,5,1,2,2
2022-04-07 22:00:41,2022-04-07 22:02:35,0,75.64.226.138,100,113,1,2022-04-07 22:02:35,R_3HH2cdNskmkI85g,,,,,35.10629999999999739657141617499291896820068359375,-89.941000000000002501110429875552654266357421875,anonymous,EN,3,1,1,2,4,4,5,4,1,5,1,1,6
2022-04-07 22:06:12,2022-04-07 22:07:20,0,81.161.6.84,100,67,1,2022-04-07 22:07:20,R_27pxDa9CcMjgNIn,,,,,40.766199999999997771737980656325817108154296875,-74.017799999999994042809703387320041656494140625,anonymous,EN,3,1,1,3,2,2,2,2,1,4,2,2,3
2022-04-07 22:10:43,2022-04-07 22:12:25,0,208.218.225.23,100,101,1,2022-04-07 22:12:25,R_3ho9Dqnkkz4Wy8L,,,,,40.80230000000000245563569478690624237060546875,-73.732900000000000773070496506989002227783203125,anonymous,EN,4,2,1,2,4,2,3,5,2,4,1,1,6
2022-04-07 22:12:54,2022-04-07 22:13:58,0,208.219.19.83,100,64,1,2022-04-07 22:13:58,R_3PFgQaolmafgreX,,,,,45.541100000000000136424205265939235687255859375,-122.5605000000000046611603465862572193145751953125,anonymous,EN,4,2,1,2,2,1,2,1,2,4,1,1,6
2022-04-07 22:21:34,2022-04-07 22:22:27,0,138.219.172.102,100,53,1,2022-04-07 22:22:27,R_2z85d3FWgzXmbLK,,,,,37.47919999999999873807610129006206989288330078125,-121.1644000000000005456968210637569427490234375,anonymous,EN,4,1,2,5,4,5,4,2,2,5,1,1,6
2022-04-07 22:26:03,2022-04-07 22:28:51,0,208.203.223.168,100,167,1,2022-04-07 22:28:51,R_2aQuxJUH7gILOnn,,,,,40.94760000000000133013600134290754795074462890625,-73.8623999999999938381733954884111881256103515625,anonymous,EN,4,2,1,2,3,3,4,2,1,3,1,1,5
2022-04-07 22:39:14,2022-04-07 22:41:01,0,75.42.59.242,100,106,1,2022-04-07 22:41:01,R_30vkCkJhiS18A8U,,,,,33.501699999999999590727384202182292938232421875,-86.880300000000005411493475548923015594482421875,anonymous,EN,4,1,1,3,4,5,4,5,3,4,1,3,2
2022-04-07 22:41:10,2022-04-07 22:42:16,0,75.42.59.242,100,66,1,2022-04-07 22:42:16,R_Rr8L2R3OeCsrumd,,,,,33.501699999999999590727384202182292938232421875,-86.880300000000005411493475548923015594482421875,anonymous,EN,3,1,1,2,4,2,2,4,1,3,1,3,2
2022-04-07 22:45:05,2022-04-07 22:46:08,0,208.218.225.201,100,63,1,2022-04-07 22:46:09,R_1gnN6PuKxl0UFWD,,,,,40.80230000000000245563569478690624237060546875,-73.732900000000000773070496506989002227783203125,anonymous,EN,4,2,1,3,5,5,4,4,3,4,1,2,6
2022-04-07 22:46:18,2022-04-07 22:47:02,0,208.218.225.201,100,43,1,2022-04-07 22:47:02,R_1DTmPMflj8rJYBw,,,,,40.80230000000000245563569478690624237060546875,-73.732900000000000773070496506989002227783203125,anonymous,EN,4,1,1,3,5,5,4,4,3,4,1,2,2
2022-04-07 22:55:01,2022-04-07 22:56:16,0,196.16.109.244,100,74,1,2022-04-07 22:56:16,R_3EYd2Pzs5P7WcdY,,,,,34.0544000000000011141310096718370914459228515625,-118.2441000000000030922819860279560089111328125,anonymous,EN,4,2,1,3,5,2,5,1,3,5,1,1,7
2022-04-07 22:55:47,2022-04-07 22:56:41,0,208.203.219.227,100,54,1,2022-04-07 22:56:41,R_2YMaT8yW4t6nYKv,,,,,41.83149999999999835154085303656756877899169921875,-72.7198000000000064346750150434672832489013671875,anonymous,EN,4,2,1,2,4,5,4,5,1,4,1,1,5
2022-04-07 22:57:00,2022-04-07 22:59:09,0,208.203.219.227,100,128,1,2022-04-07 22:59:09,R_22oirUDpDkYhNKp,,,,,41.83149999999999835154085303656756877899169921875,-72.7198000000000064346750150434672832489013671875,anonymous,EN,4,2,1,1,4,5,4,5,2,4,1,1,6
2022-04-07 23:22:24,2022-04-07 23:23:15,0,208.219.19.84,100,50,1,2022-04-07 23:23:15,R_3GlVnwkLy3fKafo,,,,,45.541100000000000136424205265939235687255859375,-122.5605000000000046611603465862572193145751953125,anonymous,EN,4,2,1,2,3,3,4,2,1,4,1,1,5
2022-04-01 15:45:04,2022-04-01 15:45:23,0,67.22.27.133,45,19,0,2022-04-08 15:45:25,R_12EB8ROTw0TWj3G,,,,,,,anonymous,EN,2,1,1,5,,,,,,,,,
2022-04-09 15:03:07,2022-04-09 15:09:25,0,96.240.155.216,100,378,1,2022-04-09 15:09:26,R_2YPTWOYMsAllSxJ,,,,,40.2039031982421875,-76.72859954833984375,anonymous,EN,4,2,1,3,4,4,5,5,1,1,1,1,3
2022-04-07 19:11:02,2022-04-07 19:11:20,0,97.86.41.196,36,18,0,2022-04-14 19:11:24,R_2TH9hTx7TLrNRc8,,,,,,,anonymous,EN,4,1,1,,,,,,,,,,
2022-04-07 19:12:39,2022-04-07 19:12:48,0,47.220.2.118,9,9,0,2022-04-14 19:12:59,R_1o7HJZVIeBJ7LTN,,,,,,,anonymous,EN,,,,,,,,,,,,,
2022-04-07 19:15:20,2022-04-07 19:15:34,0,73.155.77.237,36,14,0,2022-04-14 19:15:37,R_1LnFZQHer7otDOb,,,,,,,anonymous,EN,4,2,2,,,,,,,,,,
2022-04-07 19:23:01,2022-04-07 19:23:10,0,71.238.89.92,18,8,0,2022-04-14 19:23:14,R_UaozwZedu2qOCJP,,,,,,,anonymous,EN,4,,,,,,,,,,,,
2022-04-07 19:32:08,2022-04-07 19:32:44,0,196.17.64.75,18,36,0,2022-04-14 19:32:52,R_1jD7FzAYtZK4vYh,,,,,,,anonymous,EN,4,,,,,,,,,,,,
2022-04-07 19:31:56,2022-04-07 19:33:20,0,67.22.28.245,9,84,0,2022-04-14 19:33:29,R_yxpUoDYnYmT6Iwh,,,,,,,anonymous,EN,,,,,,,,,,,,,
2022-04-07 19:29:09,2022-04-07 19:35:52,0,208.218.228.230,45,402,0,2022-04-14 19:35:59,R_w1SmABRY0Mf8tm9,,,,,,,anonymous,EN,4,1,1,3,,,,,,,,,
2022-04-07 19:46:04,2022-04-07 19:46:10,0,174.84.79.207,9,6,0,2022-04-14 19:58:10,R_cvgsihSJwRL5B17,,,,,,,anonymous,EN,,,,,,,,,,,,,
2022-04-07 20:33:53,2022-04-07 20:34:08,0,162.210.194.10,18,15,0,2022-04-14 20:34:17,R_3KxynHMF9Fg7HiC,,,,,,,anonymous,EN,3,,,,,,,,,,,,
2022-04-07 21:16:26,2022-04-07 21:16:59,0,23.82.140.213,9,32,0,2022-04-14 21:17:01,R_1n8GO54yy9HpYA9,,,,,,,anonymous,EN,,,,,,,,,,,,,
2022-04-07 21:35:56,2022-04-07 21:37:58,0,196.16.108.72,91,121,0,2022-04-14 21:38:03,R_exhOQppOuUcD31L,,,,,,,anonymous,EN,4,2,1,3,4,5,4,4,2,4,1,1,
2022-04-07 21:47:41,2022-04-07 21:48:08,0,208.218.231.91,18,27,0,2022-04-14 21:48:14,R_2ysmuTd1YGwCAhz,,,,,,,anonymous,EN,2,,,,,,,,,,,,
